market_customer_id,is_our_customer,segment,region,industry,company_size,country,potential_value_score
C0001,Yes,SMB,North,Finance,Small,UAE,80
C0002,Yes,Mid-Market,West,Manufacturing,Small,India,38
C0003,Yes,Mid-Market,West,Manufacturing,Large,India,87
C0004,Yes,SMB,East,Finance,Medium,UK,75
C0005,Yes,Mid-Market,West,Tech,Large,India,38
C0006,Yes,Mid-Market,East,Manufacturing,Large,USA,4
C0007,Yes,Mid-Market,West,Manufacturing,Medium,UK,17
C0008,Yes,Mid-Market,South,Retail,Medium,UAE,43
C0009,Yes,SMB,North,Retail,Medium,UK,21
C0010,Yes,Mid-Market,West,Tech,Large,India,63
C0011,Yes,Enterprise,North,Manufacturing,Small,UK,14
C0012,Yes,Mid-Market,West,Finance,Small,UAE,9
C0013,Yes,SMB,North,Tech,Large,Germany,87
C0014,Yes,Mid-Market,North,Healthcare,Small,India,44
C0015,Yes,SMB,West,Healthcare,Medium,UK,5
C0016,Yes,Mid-Market,South,Finance,Large,UAE,10
C0017,Yes,SMB,North,Healthcare,Medium,USA,31
C0018,Yes,SMB,West,Tech,Small,UAE,60
C0019,Yes,Mid-Market,East,Healthcare,Small,India,46
C0020,Yes,Mid-Market,East,Retail,Large,Germany,87
C0021,Yes,Enterprise,East,Tech,Large,India,27
C0022,Yes,Mid-Market,East,Finance,Small,UAE,86
C0023,Yes,SMB,East,Finance,Medium,UAE,5
C0024,Yes,Enterprise,South,Manufacturing,Small,USA,3
C0025,Yes,Enterprise,West,Tech,Large,Germany,54
C0026,Yes,Mid-Market,East,Retail,Large,USA,68
C0027,Yes,Mid-Market,South,Tech,Small,India,64
C0028,Yes,Mid-Market,East,Manufacturing,Medium,India,81
C0029,Yes,Enterprise,South,Healthcare,Large,UAE,97
C0030,Yes,SMB,East,Healthcare,Medium,UAE,73
C0031,Yes,Mid-Market,East,Healthcare,Medium,USA,64
C0032,Yes,Mid-Market,West,Tech,Medium,UK,34
C0033,Yes,SMB,East,Healthcare,Large,India,44
C0034,Yes,SMB,East,Tech,Medium,UAE,63
C0035,Yes,Enterprise,North,Finance,Small,India,69
C0036,Yes,Mid-Market,North,Retail,Large,UK,32
C0037,Yes,Mid-Market,West,Retail,Medium,UK,86
C0038,Yes,SMB,West,Healthcare,Medium,UK,24
C0039,Yes,Mid-Market,West,Healthcare,Large,India,43
C0040,Yes,Mid-Market,North,Healthcare,Large,UK,19
C0041,Yes,Enterprise,East,Healthcare,Large,USA,75
C0042,Yes,Mid-Market,South,Tech,Large,UK,63
C0043,Yes,SMB,West,Finance,Medium,UAE,74
C0044,Yes,Mid-Market,North,Healthcare,Medium,USA,1
C0045,Yes,Enterprise,West,Manufacturing,Small,USA,62
C0046,Yes,Enterprise,West,Finance,Small,Germany,4
C0047,Yes,Enterprise,East,Tech,Small,UAE,78
C0048,Yes,Enterprise,South,Healthcare,Medium,Germany,90
C0049,Yes,SMB,South,Healthcare,Large,UAE,55
C0050,Yes,Mid-Market,West,Healthcare,Medium,India,48
C0051,Yes,Enterprise,North,Healthcare,Large,India,37
C0052,Yes,Enterprise,East,Finance,Small,India,83
C0053,Yes,Mid-Market,North,Finance,Small,UK,63
C0054,Yes,SMB,West,Healthcare,Small,USA,93
C0055,Yes,Mid-Market,North,Retail,Large,UK,73
C0056,Yes,SMB,West,Manufacturing,Large,UAE,100
C0057,Yes,Enterprise,West,Tech,Small,India,11
C0058,Yes,Enterprise,West,Healthcare,Small,USA,71
C0059,Yes,Enterprise,South,Retail,Small,UK,63
C0060,Yes,Enterprise,North,Healthcare,Small,Germany,80
C0061,Yes,SMB,East,Finance,Small,UAE,6
C0062,Yes,Mid-Market,North,Manufacturing,Small,India,90
C0063,Yes,SMB,North,Retail,Large,USA,75
C0064,Yes,Mid-Market,North,Manufacturing,Medium,UAE,35
C0065,Yes,SMB,North,Finance,Large,Germany,12
C0066,Yes,SMB,East,Tech,Small,UAE,56
C0067,Yes,Mid-Market,West,Finance,Small,Germany,93
C0068,Yes,SMB,South,Tech,Large,UK,64
C0069,Yes,SMB,East,Retail,Medium,India,31
C0070,Yes,SMB,West,Finance,Large,USA,36
C0071,Yes,SMB,South,Manufacturing,Medium,UK,77
C0072,Yes,Enterprise,East,Healthcare,Small,India,98
C0073,Yes,SMB,North,Finance,Small,UK,33
C0074,Yes,SMB,West,Tech,Medium,Germany,42
C0075,Yes,SMB,South,Healthcare,Small,USA,57
C0076,Yes,Enterprise,East,Retail,Small,Germany,12
C0077,Yes,Mid-Market,South,Tech,Large,India,76
C0078,Yes,Mid-Market,East,Tech,Large,UK,35
C0079,Yes,Mid-Market,South,Tech,Large,Germany,86
C0080,Yes,Mid-Market,East,Tech,Large,USA,17
C0081,Yes,Mid-Market,East,Manufacturing,Large,India,74
C0082,Yes,SMB,North,Manufacturing,Large,India,15
C0083,Yes,Enterprise,North,Finance,Large,USA,95
C0084,Yes,Enterprise,South,Finance,Medium,USA,82
C0085,Yes,Mid-Market,East,Finance,Medium,USA,58
C0086,Yes,SMB,South,Healthcare,Large,UAE,50
C0087,Yes,Enterprise,West,Healthcare,Small,India,87
C0088,Yes,Mid-Market,East,Tech,Medium,USA,24
C0089,Yes,Enterprise,East,Finance,Medium,UAE,96
C0090,Yes,Enterprise,East,Healthcare,Large,USA,10
C0091,Yes,Enterprise,West,Finance,Small,India,45
C0092,Yes,SMB,West,Retail,Large,Germany,79
C0093,Yes,Enterprise,North,Finance,Small,Germany,47
C0094,Yes,Mid-Market,South,Healthcare,Small,UK,34
C0095,Yes,SMB,West,Healthcare,Large,UK,18
C0096,Yes,Mid-Market,North,Manufacturing,Small,Germany,31
C0097,Yes,Mid-Market,North,Manufacturing,Medium,USA,15
C0098,Yes,Enterprise,North,Tech,Large,USA,61
C0099,Yes,Enterprise,North,Manufacturing,Small,India,85
C0100,Yes,SMB,South,Manufacturing,Medium,India,88
C0101,Yes,Enterprise,West,Retail,Small,UAE,40
C0102,Yes,Mid-Market,North,Tech,Large,Germany,5
C0103,Yes,Mid-Market,West,Finance,Medium,UAE,89
C0104,Yes,Mid-Market,East,Manufacturing,Small,UK,92
C0105,Yes,Enterprise,East,Tech,Small,India,68
C0106,Yes,Mid-Market,South,Finance,Large,UK,100
C0107,Yes,Enterprise,North,Tech,Small,UAE,23
C0108,Yes,Enterprise,West,Manufacturing,Small,Germany,60
C0109,Yes,SMB,East,Finance,Large,UAE,84
C0110,Yes,Mid-Market,North,Retail,Medium,India,75
C0111,Yes,Mid-Market,East,Finance,Large,UAE,63
C0112,Yes,SMB,West,Healthcare,Medium,UK,88
C0113,Yes,SMB,West,Tech,Large,UK,73
C0114,Yes,Mid-Market,West,Finance,Medium,UAE,53
C0115,Yes,SMB,South,Tech,Large,UAE,3
C0116,Yes,SMB,South,Tech,Large,UK,21
C0117,Yes,Enterprise,West,Finance,Large,UK,100
C0118,Yes,Enterprise,North,Healthcare,Small,USA,25
C0119,Yes,Enterprise,East,Healthcare,Large,India,100
C0120,Yes,Mid-Market,West,Healthcare,Large,USA,52
C0121,Yes,SMB,West,Healthcare,Small,UAE,71
C0122,Yes,Enterprise,East,Retail,Large,UAE,54
C0123,Yes,SMB,West,Healthcare,Large,USA,60
C0124,Yes,SMB,West,Retail,Small,India,25
C0125,Yes,Mid-Market,East,Healthcare,Medium,India,97
C0126,Yes,Enterprise,East,Manufacturing,Medium,UK,99
C0127,Yes,Mid-Market,South,Tech,Large,USA,23
C0128,Yes,SMB,North,Tech,Large,UK,52
C0129,Yes,Enterprise,South,Tech,Small,India,93
C0130,Yes,Enterprise,South,Healthcare,Large,India,68
C0131,Yes,Mid-Market,North,Healthcare,Large,India,37
C0132,Yes,Enterprise,East,Retail,Medium,USA,87
C0133,Yes,Enterprise,West,Finance,Small,UK,34
C0134,Yes,SMB,East,Manufacturing,Small,Germany,53
C0135,Yes,Mid-Market,South,Retail,Small,UAE,78
C0136,Yes,SMB,West,Retail,Medium,India,15
C0137,Yes,Mid-Market,East,Healthcare,Small,Germany,35
C0138,Yes,Mid-Market,North,Finance,Large,UAE,77
C0139,Yes,Enterprise,North,Retail,Medium,Germany,30
C0140,Yes,Mid-Market,North,Manufacturing,Medium,Germany,83
C0141,Yes,Mid-Market,East,Tech,Medium,UAE,98
C0142,Yes,SMB,North,Manufacturing,Large,USA,97
C0143,Yes,Enterprise,East,Manufacturing,Large,UK,16
C0144,Yes,SMB,East,Finance,Large,India,72
C0145,Yes,Mid-Market,West,Retail,Medium,UAE,42
C0146,Yes,SMB,East,Healthcare,Medium,UK,59
C0147,Yes,Enterprise,East,Manufacturing,Small,USA,37
C0148,Yes,Mid-Market,South,Manufacturing,Small,Germany,96
C0149,Yes,Mid-Market,East,Manufacturing,Medium,Germany,82
C0150,Yes,Enterprise,West,Manufacturing,Large,UK,67
C0151,Yes,Mid-Market,South,Tech,Small,Germany,12
C0152,Yes,Mid-Market,West,Finance,Large,India,66
C0153,Yes,Enterprise,North,Retail,Small,USA,63
C0154,Yes,SMB,East,Finance,Small,UAE,66
C0155,Yes,Mid-Market,South,Healthcare,Large,UK,80
C0156,Yes,SMB,North,Tech,Small,Germany,89
C0157,Yes,SMB,East,Retail,Small,USA,26
C0158,Yes,Mid-Market,West,Manufacturing,Large,UAE,7
C0159,Yes,Enterprise,West,Healthcare,Large,UK,71
C0160,Yes,Enterprise,West,Finance,Large,USA,98
C0161,Yes,SMB,North,Healthcare,Large,USA,36
C0162,Yes,SMB,West,Healthcare,Medium,UK,28
C0163,Yes,Mid-Market,North,Retail,Medium,UK,6
C0164,Yes,Mid-Market,East,Retail,Small,Germany,81
C0165,Yes,Mid-Market,West,Retail,Small,UAE,75
C0166,Yes,Mid-Market,South,Manufacturing,Small,Germany,15
C0167,Yes,Mid-Market,North,Retail,Large,UAE,48
C0168,Yes,Mid-Market,North,Healthcare,Small,India,72
C0169,Yes,Enterprise,North,Healthcare,Small,India,39
C0170,Yes,Enterprise,West,Retail,Small,Germany,15
C0171,Yes,SMB,East,Manufacturing,Small,India,37
C0172,Yes,Mid-Market,North,Tech,Medium,USA,62
C0173,Yes,Mid-Market,South,Manufacturing,Large,UAE,88
C0174,Yes,Enterprise,South,Retail,Medium,Germany,33
C0175,Yes,SMB,West,Healthcare,Small,UAE,93
C0176,Yes,SMB,South,Tech,Medium,India,61
C0177,Yes,Mid-Market,North,Healthcare,Medium,UAE,99
C0178,Yes,Enterprise,South,Healthcare,Small,UAE,70
C0179,Yes,Mid-Market,South,Healthcare,Small,Germany,4
C0180,Yes,Mid-Market,East,Finance,Medium,Germany,69
C0181,Yes,SMB,North,Healthcare,Large,UK,93
C0182,Yes,Mid-Market,West,Finance,Medium,USA,59
C0183,Yes,Mid-Market,West,Tech,Small,UK,50
C0184,Yes,Mid-Market,West,Healthcare,Medium,Germany,25
C0185,Yes,Mid-Market,North,Tech,Medium,USA,7
C0186,Yes,Mid-Market,North,Tech,Small,USA,34
C0187,Yes,SMB,North,Healthcare,Large,USA,29
C0188,Yes,SMB,East,Tech,Large,India,75
C0189,Yes,SMB,East,Healthcare,Large,Germany,100
C0190,Yes,SMB,West,Tech,Large,India,77
C0191,Yes,SMB,North,Tech,Medium,India,68
C0192,Yes,Enterprise,West,Healthcare,Small,UAE,12
C0193,Yes,Mid-Market,West,Retail,Small,USA,30
C0194,Yes,SMB,North,Healthcare,Large,UK,15
C0195,Yes,Enterprise,South,Healthcare,Large,USA,62
C0196,Yes,Enterprise,South,Healthcare,Medium,UK,38
C0197,Yes,Enterprise,North,Finance,Medium,India,12
C0198,Yes,SMB,East,Manufacturing,Small,India,25
C0199,Yes,Enterprise,West,Retail,Medium,Germany,98
C0200,Yes,Mid-Market,North,Retail,Medium,UK,25
C0201,Yes,SMB,East,Finance,Medium,India,10
C0202,Yes,SMB,North,Manufacturing,Large,UK,8
C0203,Yes,Enterprise,East,Tech,Large,Germany,11
C0204,Yes,Mid-Market,South,Finance,Small,Germany,77
C0205,Yes,Mid-Market,North,Manufacturing,Medium,USA,27
C0206,Yes,Mid-Market,North,Retail,Small,India,56
C0207,Yes,Mid-Market,East,Finance,Small,UK,14
C0208,Yes,Mid-Market,West,Manufacturing,Medium,Germany,16
C0209,Yes,Enterprise,East,Retail,Small,USA,91
C0210,Yes,Enterprise,West,Tech,Medium,USA,63
C0211,Yes,Enterprise,South,Tech,Large,India,12
C0212,Yes,Mid-Market,East,Healthcare,Small,UAE,67
C0213,Yes,SMB,South,Retail,Small,Germany,29
C0214,Yes,Mid-Market,East,Retail,Medium,USA,89
C0215,Yes,Enterprise,West,Tech,Large,Germany,33
C0216,Yes,Mid-Market,South,Healthcare,Large,UAE,42
C0217,Yes,Mid-Market,East,Manufacturing,Medium,Germany,5
C0218,Yes,SMB,East,Healthcare,Small,UAE,9
C0219,Yes,SMB,East,Manufacturing,Small,USA,6
C0220,Yes,SMB,West,Healthcare,Large,UAE,4
C0221,Yes,SMB,East,Tech,Small,India,96
C0222,Yes,Mid-Market,West,Healthcare,Medium,USA,91
C0223,Yes,Mid-Market,North,Manufacturing,Small,Germany,61
C0224,Yes,SMB,North,Healthcare,Large,UK,58
C0225,Yes,SMB,North,Finance,Small,USA,89
C0226,Yes,SMB,West,Healthcare,Medium,UK,94
C0227,Yes,SMB,North,Finance,Large,UK,21
C0228,Yes,Enterprise,North,Healthcare,Small,Germany,8
C0229,Yes,Mid-Market,West,Healthcare,Large,India,87
C0230,Yes,Mid-Market,East,Finance,Medium,UK,10
C0231,Yes,SMB,South,Finance,Large,UK,63
C0232,Yes,SMB,North,Tech,Medium,UAE,100
C0233,Yes,Enterprise,North,Healthcare,Small,India,63
C0234,Yes,Mid-Market,West,Healthcare,Large,UAE,19
C0235,Yes,SMB,North,Tech,Small,India,99
C0236,Yes,Mid-Market,North,Retail,Large,UAE,69
C0237,Yes,SMB,West,Retail,Medium,India,44
C0238,Yes,Enterprise,West,Manufacturing,Medium,USA,67
C0239,Yes,Enterprise,North,Healthcare,Medium,UK,25
C0240,Yes,Mid-Market,South,Healthcare,Medium,UK,6
C0241,Yes,SMB,North,Retail,Medium,UK,65
C0242,Yes,SMB,North,Manufacturing,Medium,UK,82
C0243,Yes,SMB,East,Tech,Medium,Germany,69
C0244,Yes,SMB,West,Healthcare,Large,India,96
C0245,Yes,Enterprise,West,Healthcare,Small,UAE,75
C0246,Yes,Mid-Market,East,Finance,Large,India,4
C0247,Yes,Enterprise,West,Tech,Medium,Germany,20
C0248,Yes,SMB,West,Retail,Large,USA,26
C0249,Yes,SMB,West,Finance,Medium,Germany,31
C0250,Yes,Mid-Market,East,Finance,Medium,UAE,79
C0251,Yes,Enterprise,South,Finance,Small,India,71
C0252,Yes,SMB,East,Finance,Medium,UAE,71
C0253,Yes,SMB,East,Finance,Large,Germany,80
C0254,Yes,SMB,West,Healthcare,Large,UK,38
C0255,Yes,SMB,East,Manufacturing,Large,Germany,11
C0256,Yes,Enterprise,East,Tech,Large,UK,85
C0257,Yes,Mid-Market,North,Finance,Small,USA,24
C0258,Yes,Enterprise,North,Healthcare,Medium,Germany,24
C0259,Yes,Enterprise,South,Tech,Small,UK,99
C0260,Yes,SMB,North,Healthcare,Small,India,1
C0261,Yes,Mid-Market,North,Manufacturing,Small,India,74
C0262,Yes,Mid-Market,North,Tech,Medium,UAE,14
C0263,Yes,Enterprise,North,Healthcare,Large,Germany,49
C0264,Yes,Enterprise,East,Retail,Medium,UK,66
C0265,Yes,SMB,West,Manufacturing,Medium,India,17
C0266,Yes,Enterprise,West,Finance,Medium,UAE,6
C0267,Yes,Mid-Market,West,Tech,Small,UK,43
C0268,Yes,SMB,North,Manufacturing,Medium,UAE,77
C0269,Yes,SMB,West,Tech,Medium,India,51
C0270,Yes,Mid-Market,South,Healthcare,Medium,Germany,62
C0271,Yes,Mid-Market,South,Healthcare,Medium,USA,14
C0272,Yes,Mid-Market,East,Manufacturing,Medium,UAE,34
C0273,Yes,SMB,West,Manufacturing,Large,Germany,77
C0274,Yes,SMB,South,Retail,Small,UK,2
C0275,Yes,Enterprise,North,Healthcare,Small,USA,58
C0276,Yes,SMB,North,Tech,Large,UAE,99
C0277,Yes,SMB,North,Healthcare,Small,India,49
C0278,Yes,Mid-Market,South,Manufacturing,Medium,Germany,88
C0279,Yes,Enterprise,South,Healthcare,Small,India,9
C0280,Yes,Mid-Market,East,Healthcare,Medium,India,96
C0281,Yes,Mid-Market,South,Tech,Small,UAE,43
C0282,Yes,Mid-Market,North,Finance,Medium,Germany,62
C0283,Yes,SMB,North,Retail,Small,UK,20
C0284,Yes,Enterprise,East,Tech,Medium,USA,44
C0285,Yes,Enterprise,West,Manufacturing,Large,UK,58
C0286,Yes,SMB,East,Retail,Large,UK,59
C0287,Yes,SMB,South,Retail,Small,India,93
C0288,Yes,Mid-Market,East,Retail,Large,India,11
C0289,Yes,Mid-Market,East,Tech,Small,USA,20
C0290,Yes,SMB,East,Finance,Small,USA,65
C0291,Yes,Mid-Market,West,Healthcare,Medium,UAE,76
C0292,Yes,Mid-Market,North,Manufacturing,Large,UK,10
C0293,Yes,Enterprise,East,Tech,Large,UAE,53
C0294,Yes,Enterprise,North,Healthcare,Large,USA,2
C0295,Yes,Mid-Market,West,Finance,Medium,Germany,51
C0296,Yes,Mid-Market,East,Tech,Medium,UAE,52
C0297,Yes,Enterprise,North,Manufacturing,Small,Germany,16
C0298,Yes,SMB,South,Retail,Medium,UAE,66
C0299,Yes,Enterprise,East,Retail,Medium,USA,24
C0300,Yes,Mid-Market,West,Finance,Small,UK,1
C0301,Yes,Enterprise,South,Tech,Medium,India,32
C0302,Yes,Mid-Market,West,Retail,Medium,UK,93
C0303,Yes,Mid-Market,West,Manufacturing,Small,USA,31
C0304,Yes,SMB,West,Tech,Small,India,9
C0305,Yes,SMB,North,Tech,Large,UAE,74
C0306,Yes,Mid-Market,West,Finance,Large,USA,48
C0307,Yes,SMB,North,Retail,Large,India,53
C0308,Yes,Mid-Market,South,Manufacturing,Large,UAE,13
C0309,Yes,SMB,North,Finance,Small,Germany,33
C0310,Yes,Mid-Market,South,Finance,Large,UK,56
C0311,Yes,Enterprise,East,Tech,Small,Germany,61
C0312,Yes,Enterprise,East,Healthcare,Medium,USA,71
C0313,Yes,Mid-Market,North,Finance,Medium,USA,63
C0314,Yes,Mid-Market,West,Retail,Medium,India,53
C0315,Yes,Mid-Market,East,Retail,Small,USA,98
C0316,Yes,Enterprise,South,Healthcare,Medium,USA,54
C0317,Yes,Enterprise,North,Finance,Small,Germany,99
C0318,Yes,Mid-Market,West,Finance,Medium,USA,86
C0319,Yes,SMB,West,Manufacturing,Small,UK,1
C0320,Yes,Mid-Market,West,Finance,Large,UK,44
C0321,Yes,Mid-Market,East,Finance,Small,USA,98
C0322,Yes,Mid-Market,East,Healthcare,Large,UAE,74
C0323,Yes,SMB,North,Finance,Large,USA,53
C0324,Yes,Mid-Market,South,Tech,Medium,UAE,13
C0325,Yes,SMB,East,Manufacturing,Medium,Germany,44
C0326,Yes,Enterprise,West,Finance,Small,UAE,65
C0327,Yes,Mid-Market,West,Manufacturing,Large,India,62
C0328,Yes,Mid-Market,North,Finance,Large,USA,93
C0329,Yes,SMB,South,Finance,Small,UK,40
C0330,Yes,Mid-Market,South,Manufacturing,Medium,UAE,51
C0331,Yes,SMB,South,Tech,Small,USA,42
C0332,Yes,SMB,East,Retail,Small,Germany,31
C0333,Yes,Mid-Market,East,Healthcare,Large,USA,51
C0334,Yes,Mid-Market,South,Finance,Medium,UK,63
C0335,Yes,SMB,West,Healthcare,Small,India,78
C0336,Yes,SMB,North,Tech,Medium,USA,52
C0337,Yes,Enterprise,South,Finance,Large,USA,49
C0338,Yes,Enterprise,West,Retail,Medium,India,16
C0339,Yes,SMB,South,Retail,Large,USA,99
C0340,Yes,Mid-Market,North,Finance,Large,USA,1
C0341,Yes,Enterprise,North,Manufacturing,Small,UK,100
C0342,Yes,Enterprise,East,Manufacturing,Large,India,94
C0343,Yes,SMB,West,Finance,Large,UK,16
C0344,Yes,Enterprise,North,Healthcare,Large,UK,52
C0345,Yes,SMB,North,Retail,Large,USA,65
C0346,Yes,Enterprise,South,Healthcare,Small,UAE,45
C0347,Yes,Enterprise,West,Healthcare,Medium,Germany,38
C0348,Yes,Enterprise,North,Healthcare,Medium,India,38
C0349,Yes,Enterprise,North,Manufacturing,Small,Germany,46
C0350,Yes,Enterprise,East,Finance,Large,India,90
C0351,Yes,SMB,East,Healthcare,Large,USA,31
C0352,Yes,SMB,South,Tech,Small,India,96
C0353,Yes,Mid-Market,West,Manufacturing,Small,Germany,99
C0354,Yes,Enterprise,East,Tech,Small,UK,77
C0355,Yes,Mid-Market,North,Retail,Medium,USA,38
C0356,Yes,Enterprise,South,Finance,Large,Germany,60
C0357,Yes,Mid-Market,South,Manufacturing,Medium,India,26
C0358,Yes,Mid-Market,North,Tech,Medium,Germany,64
C0359,Yes,Mid-Market,East,Tech,Large,India,11
C0360,Yes,Enterprise,South,Manufacturing,Small,India,78
C0361,Yes,SMB,North,Healthcare,Medium,UK,17
C0362,Yes,SMB,East,Finance,Medium,UAE,51
C0363,Yes,Mid-Market,West,Manufacturing,Small,India,46
C0364,Yes,SMB,East,Healthcare,Large,UAE,56
C0365,Yes,SMB,North,Finance,Small,USA,94
C0366,Yes,Mid-Market,North,Finance,Medium,Germany,98
C0367,Yes,Mid-Market,West,Retail,Large,UAE,57
C0368,Yes,Enterprise,East,Healthcare,Large,India,17
C0369,Yes,Mid-Market,North,Manufacturing,Small,USA,49
C0370,Yes,Enterprise,North,Finance,Medium,UK,15
C0371,Yes,SMB,North,Finance,Small,USA,34
C0372,Yes,Enterprise,West,Healthcare,Medium,UK,58
C0373,Yes,Mid-Market,North,Healthcare,Small,India,97
C0374,Yes,Enterprise,North,Retail,Small,USA,53
C0375,Yes,Mid-Market,West,Finance,Large,USA,29
C0376,Yes,SMB,North,Retail,Large,UAE,18
C0377,Yes,Mid-Market,West,Healthcare,Medium,Germany,87
C0378,Yes,Enterprise,North,Healthcare,Medium,UAE,48
C0379,Yes,Mid-Market,East,Healthcare,Small,USA,75
C0380,Yes,Enterprise,West,Manufacturing,Large,UAE,88
C0381,Yes,SMB,West,Healthcare,Medium,UK,1
C0382,Yes,Mid-Market,East,Manufacturing,Large,UK,5
C0383,Yes,SMB,West,Finance,Small,India,98
C0384,Yes,SMB,North,Retail,Large,India,75
C0385,Yes,Mid-Market,East,Tech,Medium,UAE,4
C0386,Yes,Enterprise,North,Finance,Medium,UAE,14
C0387,Yes,Enterprise,North,Tech,Large,UAE,41
C0388,Yes,Mid-Market,East,Manufacturing,Large,USA,11
C0389,Yes,Enterprise,North,Retail,Medium,USA,88
C0390,Yes,Enterprise,East,Finance,Medium,UAE,59
C0391,Yes,SMB,South,Retail,Large,India,64
C0392,Yes,Mid-Market,South,Manufacturing,Small,USA,69
C0393,Yes,Enterprise,South,Healthcare,Medium,UK,83
C0394,Yes,SMB,West,Retail,Small,India,58
C0395,Yes,SMB,East,Manufacturing,Large,UK,97
C0396,Yes,Enterprise,North,Tech,Small,UAE,97
C0397,Yes,Mid-Market,North,Retail,Large,Germany,7
C0398,Yes,Enterprise,West,Retail,Small,UAE,52
C0399,Yes,SMB,South,Finance,Large,UAE,29
C0400,Yes,Mid-Market,South,Healthcare,Medium,UAE,86
C0401,Yes,Enterprise,North,Manufacturing,Small,Germany,65
C0402,Yes,Enterprise,North,Finance,Medium,India,94
C0403,Yes,Enterprise,South,Manufacturing,Large,India,89
C0404,Yes,Mid-Market,North,Tech,Medium,UAE,19
C0405,Yes,SMB,East,Tech,Large,India,4
C0406,Yes,Mid-Market,West,Finance,Medium,Germany,1
C0407,Yes,Mid-Market,East,Tech,Large,UAE,54
C0408,Yes,Mid-Market,North,Tech,Large,UAE,70
C0409,Yes,Mid-Market,West,Manufacturing,Large,India,43
C0410,Yes,Mid-Market,West,Tech,Large,USA,93
C0411,Yes,Enterprise,West,Manufacturing,Large,USA,38
C0412,Yes,SMB,South,Tech,Small,UAE,78
C0413,Yes,Enterprise,North,Finance,Large,UK,98
C0414,Yes,Mid-Market,South,Retail,Large,UK,72
C0415,Yes,Mid-Market,North,Healthcare,Large,USA,51
C0416,Yes,SMB,West,Healthcare,Medium,Germany,73
C0417,Yes,SMB,East,Manufacturing,Small,Germany,13
C0418,Yes,SMB,North,Manufacturing,Small,Germany,45
C0419,Yes,SMB,West,Tech,Large,Germany,61
C0420,Yes,Mid-Market,South,Manufacturing,Small,USA,7
C0421,Yes,Enterprise,East,Finance,Medium,UK,20
C0422,Yes,SMB,West,Retail,Medium,UK,46
C0423,Yes,SMB,South,Tech,Large,USA,86
C0424,Yes,SMB,South,Tech,Medium,UAE,75
C0425,Yes,Enterprise,North,Finance,Large,UK,19
C0426,Yes,Enterprise,East,Healthcare,Medium,Germany,85
C0427,Yes,Mid-Market,South,Manufacturing,Small,USA,90
C0428,Yes,Enterprise,West,Retail,Large,UK,12
C0429,Yes,SMB,West,Finance,Small,Germany,98
C0430,Yes,Mid-Market,North,Retail,Medium,India,28
C0431,Yes,Enterprise,North,Healthcare,Small,UAE,90
C0432,Yes,Mid-Market,North,Tech,Small,UK,30
C0433,Yes,Mid-Market,South,Finance,Medium,Germany,21
C0434,Yes,Enterprise,North,Retail,Small,USA,6
C0435,Yes,SMB,North,Healthcare,Medium,Germany,93
C0436,Yes,Enterprise,West,Manufacturing,Large,USA,42
C0437,Yes,Mid-Market,South,Healthcare,Medium,UAE,41
C0438,Yes,SMB,East,Tech,Small,USA,59
C0439,Yes,Enterprise,North,Tech,Medium,USA,64
C0440,Yes,Enterprise,West,Manufacturing,Medium,UK,99
C0441,Yes,SMB,South,Retail,Small,India,26
C0442,Yes,SMB,South,Finance,Medium,UK,91
C0443,Yes,Enterprise,South,Healthcare,Medium,USA,6
C0444,Yes,Enterprise,West,Tech,Medium,UK,12
C0445,Yes,Mid-Market,South,Retail,Large,USA,51
C0446,Yes,Enterprise,North,Finance,Small,Germany,16
C0447,Yes,Mid-Market,West,Tech,Medium,India,89
C0448,Yes,Enterprise,South,Retail,Medium,India,7
C0449,Yes,Enterprise,North,Tech,Large,UAE,20
C0450,Yes,Mid-Market,East,Manufacturing,Medium,UAE,31
C0451,Yes,Enterprise,South,Healthcare,Small,UK,81
C0452,Yes,Enterprise,East,Healthcare,Medium,UK,38
C0453,Yes,Mid-Market,East,Healthcare,Large,India,30
C0454,Yes,SMB,West,Tech,Small,India,18
C0455,Yes,Mid-Market,East,Manufacturing,Small,UK,36
C0456,Yes,Mid-Market,West,Retail,Medium,UK,92
C0457,Yes,SMB,North,Manufacturing,Medium,USA,45
C0458,Yes,SMB,East,Tech,Small,UK,36
C0459,Yes,SMB,East,Manufacturing,Small,USA,100
C0460,Yes,Mid-Market,East,Healthcare,Large,UAE,93
C0461,Yes,Mid-Market,West,Retail,Medium,Germany,62
C0462,Yes,Mid-Market,East,Healthcare,Medium,UAE,63
C0463,Yes,Mid-Market,West,Finance,Small,India,37
C0464,Yes,Enterprise,West,Tech,Medium,Germany,19
C0465,Yes,Enterprise,North,Finance,Large,USA,54
C0466,Yes,SMB,North,Manufacturing,Small,UK,58
C0467,Yes,SMB,North,Healthcare,Small,USA,99
C0468,Yes,Enterprise,West,Retail,Large,India,90
C0469,Yes,Enterprise,North,Retail,Large,UAE,64
C0470,Yes,Mid-Market,South,Manufacturing,Large,Germany,49
C0471,Yes,Mid-Market,East,Healthcare,Large,Germany,74
C0472,Yes,SMB,North,Finance,Large,Germany,23
C0473,Yes,SMB,East,Finance,Small,UAE,18
C0474,Yes,SMB,South,Finance,Large,Germany,64
C0475,Yes,Enterprise,South,Tech,Large,UK,19
C0476,Yes,Mid-Market,North,Retail,Small,UK,6
C0477,Yes,SMB,West,Healthcare,Small,Germany,23
C0478,Yes,SMB,North,Healthcare,Medium,India,34
C0479,Yes,Mid-Market,East,Manufacturing,Large,UK,64
C0480,Yes,SMB,South,Retail,Medium,India,27
C0481,Yes,SMB,West,Finance,Large,Germany,31
C0482,Yes,Mid-Market,West,Retail,Large,UK,82
C0483,Yes,Enterprise,South,Finance,Medium,UAE,37
C0484,Yes,Mid-Market,West,Finance,Medium,UK,88
C0485,Yes,Enterprise,East,Tech,Large,UK,73
C0486,Yes,Mid-Market,South,Finance,Small,India,40
C0487,Yes,Mid-Market,South,Tech,Large,USA,76
C0488,Yes,SMB,East,Retail,Large,UAE,64
C0489,Yes,Enterprise,East,Healthcare,Medium,Germany,15
C0490,Yes,Enterprise,East,Finance,Small,India,86
C0491,Yes,Enterprise,North,Retail,Medium,UK,2
C0492,Yes,Enterprise,South,Finance,Large,Germany,35
C0493,Yes,Mid-Market,West,Healthcare,Large,India,10
C0494,Yes,Mid-Market,West,Healthcare,Medium,Germany,72
C0495,Yes,SMB,North,Retail,Small,India,41
C0496,Yes,Enterprise,East,Finance,Large,Germany,23
C0497,Yes,Enterprise,West,Healthcare,Small,USA,71
C0498,Yes,Enterprise,North,Healthcare,Large,UAE,29
C0499,Yes,Enterprise,South,Finance,Medium,UK,88
C0500,Yes,Mid-Market,North,Manufacturing,Large,Germany,31
C0501,Yes,Mid-Market,East,Healthcare,Medium,India,92
C0502,Yes,Mid-Market,West,Retail,Large,USA,74
C0503,Yes,Mid-Market,North,Retail,Large,Germany,44
C0504,Yes,Mid-Market,South,Retail,Small,Germany,99
C0505,Yes,Enterprise,North,Tech,Large,UK,36
C0506,Yes,SMB,South,Healthcare,Large,Germany,65
C0507,Yes,Mid-Market,East,Healthcare,Medium,India,81
C0508,Yes,Enterprise,South,Retail,Medium,USA,5
C0509,Yes,SMB,South,Tech,Medium,India,38
C0510,Yes,Enterprise,West,Tech,Small,UAE,83
C0511,Yes,Enterprise,South,Tech,Small,UK,3
C0512,Yes,SMB,East,Healthcare,Large,India,43
C0513,Yes,SMB,North,Retail,Medium,UAE,47
C0514,Yes,Mid-Market,South,Finance,Medium,USA,94
C0515,Yes,SMB,East,Manufacturing,Medium,USA,13
C0516,Yes,Mid-Market,West,Manufacturing,Large,Germany,67
C0517,Yes,Enterprise,South,Tech,Small,India,69
C0518,Yes,SMB,North,Healthcare,Medium,UK,39
C0519,Yes,Enterprise,East,Manufacturing,Small,UAE,63
C0520,Yes,SMB,North,Tech,Small,UAE,31
C0521,Yes,Mid-Market,North,Healthcare,Large,Germany,69
C0522,Yes,Enterprise,East,Tech,Large,UK,53
C0523,Yes,Mid-Market,North,Healthcare,Medium,UK,95
C0524,Yes,SMB,West,Retail,Small,Germany,14
C0525,Yes,SMB,East,Finance,Large,India,95
C0526,Yes,Enterprise,South,Tech,Small,USA,17
C0527,Yes,SMB,East,Finance,Large,UK,30
C0528,Yes,Mid-Market,West,Retail,Large,UAE,84
C0529,Yes,Mid-Market,North,Tech,Medium,India,4
C0530,Yes,SMB,West,Healthcare,Medium,UK,67
C0531,Yes,Mid-Market,North,Tech,Large,USA,63
C0532,Yes,Enterprise,East,Manufacturing,Small,India,65
C0533,Yes,Enterprise,West,Finance,Large,Germany,25
C0534,Yes,Mid-Market,South,Finance,Small,USA,9
C0535,Yes,Enterprise,West,Tech,Medium,UK,91
C0536,Yes,Enterprise,North,Tech,Medium,Germany,23
C0537,Yes,Mid-Market,East,Retail,Medium,USA,56
C0538,Yes,Enterprise,East,Finance,Small,India,89
C0539,Yes,Enterprise,South,Healthcare,Large,India,35
C0540,Yes,Mid-Market,West,Manufacturing,Small,India,10
C0541,Yes,Enterprise,East,Manufacturing,Medium,USA,80
C0542,Yes,SMB,West,Finance,Small,USA,26
C0543,Yes,Enterprise,West,Manufacturing,Small,India,94
C0544,Yes,Enterprise,East,Tech,Small,USA,23
C0545,Yes,Mid-Market,North,Healthcare,Large,UAE,1
C0546,Yes,Mid-Market,West,Manufacturing,Medium,USA,70
C0547,Yes,Enterprise,South,Finance,Medium,UAE,35
C0548,Yes,SMB,East,Manufacturing,Large,UK,41
C0549,Yes,Mid-Market,East,Retail,Small,Germany,70
C0550,Yes,SMB,North,Retail,Medium,UAE,7
C0551,Yes,Enterprise,North,Healthcare,Medium,UAE,42
C0552,Yes,SMB,South,Finance,Medium,Germany,10
C0553,Yes,Enterprise,North,Healthcare,Medium,Germany,35
C0554,Yes,Mid-Market,North,Tech,Small,UK,76
C0555,Yes,Enterprise,East,Healthcare,Large,USA,25
C0556,Yes,Enterprise,South,Finance,Large,USA,93
C0557,Yes,Enterprise,East,Manufacturing,Large,USA,11
C0558,Yes,Mid-Market,South,Tech,Small,UAE,77
C0559,Yes,SMB,East,Tech,Small,Germany,3
C0560,Yes,Enterprise,East,Healthcare,Medium,Germany,86
C0561,Yes,SMB,North,Tech,Medium,India,49
C0562,Yes,SMB,West,Healthcare,Medium,USA,39
C0563,Yes,SMB,North,Retail,Small,UK,94
C0564,Yes,SMB,North,Manufacturing,Large,Germany,36
C0565,Yes,Enterprise,North,Finance,Medium,Germany,30
C0566,Yes,Mid-Market,East,Manufacturing,Medium,Germany,93
C0567,Yes,Enterprise,West,Finance,Medium,UAE,58
C0568,Yes,Enterprise,South,Healthcare,Small,UAE,69
C0569,Yes,SMB,South,Finance,Medium,UAE,100
C0570,Yes,SMB,East,Retail,Small,UK,53
C0571,Yes,SMB,North,Healthcare,Medium,UAE,14
C0572,Yes,SMB,North,Tech,Medium,UK,39
C0573,Yes,Enterprise,South,Tech,Small,UAE,19
C0574,Yes,Mid-Market,East,Finance,Large,USA,53
C0575,Yes,SMB,East,Tech,Large,UK,50
C0576,Yes,Mid-Market,West,Retail,Large,USA,38
C0577,Yes,SMB,South,Healthcare,Small,UK,75
C0578,Yes,Enterprise,East,Retail,Large,UAE,78
C0579,Yes,Enterprise,East,Tech,Medium,USA,93
C0580,Yes,Enterprise,North,Tech,Large,UAE,96
C0581,Yes,Mid-Market,East,Tech,Large,USA,80
C0582,Yes,Enterprise,South,Tech,Small,UK,16
C0583,Yes,Enterprise,East,Manufacturing,Large,UK,47
C0584,Yes,Enterprise,North,Healthcare,Small,India,78
C0585,Yes,Enterprise,North,Finance,Small,India,16
C0586,Yes,Mid-Market,North,Healthcare,Medium,UK,72
C0587,Yes,Enterprise,North,Retail,Small,UAE,75
C0588,Yes,Enterprise,East,Manufacturing,Small,Germany,58
C0589,Yes,Enterprise,South,Finance,Small,USA,25
C0590,Yes,SMB,North,Healthcare,Large,Germany,98
C0591,Yes,SMB,East,Healthcare,Large,UAE,54
C0592,Yes,SMB,East,Finance,Large,UAE,29
C0593,Yes,Mid-Market,West,Tech,Small,Germany,71
C0594,Yes,SMB,West,Tech,Small,Germany,85
C0595,Yes,Mid-Market,East,Healthcare,Small,UAE,42
C0596,Yes,Mid-Market,East,Manufacturing,Small,UAE,4
C0597,Yes,Mid-Market,East,Finance,Small,Germany,14
C0598,Yes,Mid-Market,North,Retail,Medium,USA,92
C0599,Yes,Mid-Market,North,Manufacturing,Large,USA,92
C0600,Yes,Mid-Market,South,Manufacturing,Medium,UK,64
C0601,Yes,SMB,South,Retail,Large,UK,81
C0602,Yes,SMB,East,Retail,Medium,Germany,51
C0603,Yes,SMB,South,Finance,Large,USA,44
C0604,Yes,SMB,South,Retail,Large,UK,22
C0605,Yes,SMB,North,Tech,Medium,USA,42
C0606,Yes,Enterprise,West,Healthcare,Small,USA,30
C0607,Yes,SMB,South,Tech,Small,UK,13
C0608,Yes,Mid-Market,South,Manufacturing,Large,India,33
C0609,Yes,Mid-Market,East,Tech,Medium,UAE,10
C0610,Yes,Enterprise,East,Retail,Medium,India,29
C0611,Yes,SMB,East,Finance,Small,UAE,57
C0612,Yes,Mid-Market,North,Manufacturing,Large,India,57
C0613,Yes,SMB,North,Finance,Medium,India,18
C0614,Yes,Enterprise,South,Retail,Small,India,93
C0615,Yes,Enterprise,South,Retail,Large,UAE,15
C0616,Yes,Enterprise,West,Finance,Medium,Germany,14
C0617,Yes,Enterprise,East,Tech,Medium,UAE,3
C0618,Yes,Mid-Market,West,Healthcare,Medium,India,20
C0619,Yes,SMB,North,Manufacturing,Small,USA,37
C0620,Yes,SMB,South,Finance,Medium,UK,60
C0621,Yes,Enterprise,East,Tech,Medium,UAE,49
C0622,Yes,Enterprise,North,Manufacturing,Small,USA,54
C0623,Yes,SMB,North,Retail,Small,UAE,97
C0624,Yes,Mid-Market,South,Finance,Small,USA,10
C0625,Yes,Mid-Market,East,Finance,Small,UK,5
C0626,Yes,Mid-Market,West,Manufacturing,Large,USA,81
C0627,Yes,Enterprise,West,Healthcare,Medium,UK,3
C0628,Yes,SMB,South,Manufacturing,Large,Germany,62
C0629,Yes,Enterprise,West,Manufacturing,Large,Germany,20
C0630,Yes,Mid-Market,West,Manufacturing,Medium,Germany,73
C0631,Yes,Enterprise,North,Retail,Small,UAE,82
C0632,Yes,Mid-Market,North,Healthcare,Large,Germany,56
C0633,Yes,Mid-Market,South,Tech,Medium,Germany,34
C0634,Yes,Mid-Market,North,Tech,Large,India,73
C0635,Yes,Enterprise,East,Manufacturing,Small,Germany,74
C0636,Yes,Enterprise,North,Finance,Medium,USA,2
C0637,Yes,Mid-Market,West,Retail,Medium,UK,70
C0638,Yes,Mid-Market,East,Tech,Large,USA,5
C0639,Yes,Enterprise,North,Finance,Large,USA,7
C0640,Yes,Mid-Market,East,Finance,Large,USA,63
C0641,Yes,Mid-Market,East,Retail,Small,India,95
C0642,Yes,SMB,South,Finance,Small,UK,85
C0643,Yes,SMB,South,Retail,Large,USA,8
C0644,Yes,SMB,West,Finance,Large,USA,72
C0645,Yes,Mid-Market,East,Tech,Large,Germany,96
C0646,Yes,Mid-Market,South,Manufacturing,Small,Germany,17
C0647,Yes,SMB,East,Finance,Large,USA,22
C0648,Yes,Enterprise,North,Manufacturing,Small,UK,80
C0649,Yes,Mid-Market,North,Healthcare,Large,India,33
C0650,Yes,SMB,East,Retail,Small,USA,70
C0651,Yes,SMB,West,Healthcare,Small,USA,95
C0652,Yes,SMB,North,Manufacturing,Large,UAE,9
C0653,Yes,Enterprise,North,Retail,Large,Germany,94
C0654,Yes,Mid-Market,North,Retail,Small,India,64
C0655,Yes,Enterprise,North,Finance,Medium,India,38
C0656,Yes,Enterprise,West,Tech,Large,Germany,66
C0657,Yes,Enterprise,West,Finance,Medium,UAE,8
C0658,Yes,SMB,North,Retail,Small,UAE,58
C0659,Yes,SMB,North,Healthcare,Small,India,30
C0660,Yes,SMB,West,Healthcare,Medium,India,100
C0661,Yes,Enterprise,North,Retail,Medium,UK,51
C0662,Yes,Mid-Market,South,Retail,Medium,India,30
C0663,Yes,Mid-Market,South,Healthcare,Small,UK,4
C0664,Yes,Enterprise,North,Healthcare,Small,UK,4
C0665,Yes,Mid-Market,North,Finance,Large,USA,47
C0666,Yes,Enterprise,East,Tech,Small,Germany,49
C0667,Yes,Mid-Market,East,Tech,Medium,UAE,5
C0668,Yes,Enterprise,North,Manufacturing,Medium,India,71
C0669,Yes,Mid-Market,West,Finance,Medium,India,17
C0670,Yes,Enterprise,West,Finance,Large,India,14
C0671,Yes,Mid-Market,North,Manufacturing,Large,Germany,93
C0672,Yes,SMB,North,Manufacturing,Large,UK,58
C0673,Yes,Enterprise,North,Healthcare,Medium,UK,67
C0674,Yes,Enterprise,North,Healthcare,Small,USA,99
C0675,Yes,Enterprise,South,Tech,Medium,UK,100
C0676,Yes,Enterprise,South,Tech,Small,UK,57
C0677,Yes,Enterprise,North,Finance,Small,India,1
C0678,Yes,Enterprise,South,Healthcare,Small,UK,76
C0679,Yes,Enterprise,North,Finance,Large,India,60
C0680,Yes,Enterprise,South,Manufacturing,Large,USA,8
C0681,Yes,SMB,West,Healthcare,Small,USA,66
C0682,Yes,Mid-Market,North,Tech,Large,Germany,57
C0683,Yes,Enterprise,North,Finance,Small,UK,67
C0684,Yes,SMB,West,Manufacturing,Large,Germany,34
C0685,Yes,Enterprise,East,Tech,Medium,India,1
C0686,Yes,Enterprise,West,Finance,Medium,India,33
C0687,Yes,Enterprise,East,Finance,Large,USA,39
C0688,Yes,Mid-Market,South,Healthcare,Large,USA,66
C0689,Yes,Mid-Market,North,Manufacturing,Medium,UK,56
C0690,Yes,SMB,North,Tech,Small,UK,58
C0691,Yes,Mid-Market,West,Healthcare,Medium,USA,20
C0692,Yes,Enterprise,South,Tech,Small,UAE,52
C0693,Yes,Mid-Market,South,Finance,Large,India,57
C0694,Yes,Enterprise,North,Tech,Small,USA,44
C0695,Yes,Enterprise,North,Retail,Large,UK,36
C0696,Yes,SMB,South,Finance,Medium,USA,9
C0697,Yes,Enterprise,West,Manufacturing,Small,Germany,100
C0698,Yes,Mid-Market,North,Finance,Large,Germany,94
C0699,Yes,Enterprise,South,Manufacturing,Large,Germany,36
C0700,Yes,Mid-Market,East,Manufacturing,Small,Germany,48
C0701,Yes,Enterprise,South,Retail,Small,India,3
C0702,Yes,SMB,East,Healthcare,Large,India,69
C0703,Yes,Enterprise,East,Tech,Small,USA,84
C0704,Yes,Enterprise,West,Tech,Small,UK,86
C0705,Yes,SMB,South,Retail,Large,UK,2
C0706,Yes,SMB,North,Tech,Medium,Germany,28
C0707,Yes,Enterprise,South,Retail,Small,Germany,55
C0708,Yes,SMB,South,Finance,Medium,India,76
C0709,Yes,Mid-Market,South,Healthcare,Small,UAE,30
C0710,Yes,Mid-Market,North,Retail,Large,UK,59
C0711,Yes,Enterprise,West,Finance,Small,Germany,93
C0712,Yes,Mid-Market,South,Retail,Small,India,41
C0713,Yes,Mid-Market,South,Tech,Medium,UAE,25
C0714,Yes,SMB,East,Retail,Large,UAE,79
C0715,Yes,Mid-Market,North,Healthcare,Small,India,55
C0716,Yes,SMB,East,Finance,Large,India,59
C0717,Yes,Enterprise,South,Healthcare,Medium,Germany,60
C0718,Yes,Mid-Market,West,Tech,Large,Germany,29
C0719,Yes,SMB,North,Healthcare,Large,UAE,55
C0720,Yes,SMB,West,Manufacturing,Large,India,66
C0721,Yes,SMB,East,Finance,Medium,Germany,52
C0722,Yes,Enterprise,South,Manufacturing,Large,USA,12
C0723,Yes,SMB,North,Finance,Small,India,68
C0724,Yes,SMB,South,Retail,Large,USA,33
C0725,Yes,Mid-Market,West,Healthcare,Large,Germany,91
C0726,Yes,Mid-Market,West,Healthcare,Medium,UAE,15
C0727,Yes,Enterprise,East,Manufacturing,Large,India,56
C0728,Yes,SMB,North,Healthcare,Large,UK,7
C0729,Yes,SMB,South,Manufacturing,Medium,UAE,85
C0730,Yes,Enterprise,East,Manufacturing,Small,India,97
C0731,Yes,SMB,West,Healthcare,Large,India,54
C0732,Yes,Mid-Market,North,Tech,Medium,Germany,77
C0733,Yes,Enterprise,West,Healthcare,Large,USA,24
C0734,Yes,Enterprise,West,Tech,Large,Germany,37
C0735,Yes,SMB,West,Finance,Medium,UAE,85
C0736,Yes,Enterprise,North,Tech,Large,UK,6
C0737,Yes,SMB,South,Retail,Small,USA,39
C0738,Yes,Enterprise,East,Healthcare,Medium,Germany,67
C0739,Yes,Mid-Market,West,Tech,Small,India,19
C0740,Yes,SMB,West,Tech,Large,Germany,67
C0741,Yes,Enterprise,South,Retail,Small,UK,15
C0742,Yes,Mid-Market,West,Manufacturing,Large,India,75
C0743,Yes,Enterprise,West,Finance,Small,Germany,58
C0744,Yes,Enterprise,East,Manufacturing,Medium,Germany,35
C0745,Yes,Enterprise,North,Retail,Small,UK,40
C0746,Yes,Mid-Market,North,Retail,Small,India,31
C0747,Yes,Mid-Market,South,Healthcare,Medium,India,9
C0748,Yes,SMB,West,Manufacturing,Small,Germany,76
C0749,Yes,Mid-Market,North,Manufacturing,Medium,Germany,61
C0750,Yes,Enterprise,East,Finance,Medium,USA,79
C0751,Yes,Enterprise,North,Manufacturing,Small,Germany,27
C0752,Yes,SMB,South,Retail,Small,India,32
C0753,Yes,Mid-Market,South,Healthcare,Small,UK,50
C0754,Yes,Mid-Market,West,Tech,Small,UK,57
C0755,Yes,Enterprise,East,Retail,Large,Germany,14
C0756,Yes,SMB,South,Tech,Small,Germany,97
C0757,Yes,SMB,North,Tech,Small,Germany,19
C0758,Yes,Mid-Market,South,Manufacturing,Large,UAE,31
C0759,Yes,Mid-Market,East,Manufacturing,Large,UK,61
C0760,Yes,Mid-Market,South,Manufacturing,Small,India,60
C0761,Yes,Mid-Market,South,Retail,Large,Germany,50
C0762,Yes,Mid-Market,South,Retail,Small,USA,44
C0763,Yes,SMB,West,Manufacturing,Large,UAE,30
C0764,Yes,Enterprise,West,Retail,Medium,India,79
C0765,Yes,SMB,North,Healthcare,Small,UK,25
C0766,Yes,Mid-Market,East,Manufacturing,Small,UAE,14
C0767,Yes,SMB,North,Healthcare,Small,UK,33
C0768,Yes,Enterprise,South,Manufacturing,Medium,UAE,26
C0769,Yes,SMB,North,Retail,Small,UAE,82
C0770,Yes,SMB,West,Finance,Medium,USA,8
C0771,Yes,Mid-Market,West,Finance,Large,Germany,65
C0772,Yes,SMB,East,Healthcare,Medium,India,47
C0773,Yes,Enterprise,East,Retail,Medium,India,74
C0774,Yes,Enterprise,South,Healthcare,Large,UAE,15
C0775,Yes,Enterprise,West,Manufacturing,Small,Germany,49
C0776,Yes,Mid-Market,South,Manufacturing,Large,UAE,22
C0777,Yes,Mid-Market,East,Tech,Large,India,30
C0778,Yes,SMB,West,Tech,Medium,USA,24
C0779,Yes,SMB,East,Finance,Small,UAE,15
C0780,Yes,Enterprise,North,Retail,Large,Germany,99
C0781,Yes,SMB,South,Manufacturing,Medium,Germany,47
C0782,Yes,SMB,South,Healthcare,Small,Germany,30
C0783,Yes,Mid-Market,West,Tech,Large,Germany,62
C0784,Yes,Enterprise,East,Tech,Large,UK,40
C0785,Yes,Enterprise,East,Manufacturing,Large,UK,27
C0786,Yes,Enterprise,West,Healthcare,Small,Germany,79
C0787,Yes,Enterprise,South,Tech,Large,UK,74
C0788,Yes,Mid-Market,South,Healthcare,Small,UK,55
C0789,Yes,SMB,South,Manufacturing,Large,UAE,62
C0790,Yes,Mid-Market,East,Finance,Small,UAE,40
C0791,Yes,Enterprise,North,Retail,Small,Germany,98
C0792,Yes,Mid-Market,North,Tech,Small,USA,56
C0793,Yes,Enterprise,East,Manufacturing,Small,India,31
C0794,Yes,Mid-Market,South,Manufacturing,Large,Germany,54
C0795,Yes,Mid-Market,East,Healthcare,Medium,UAE,41
C0796,Yes,SMB,East,Tech,Small,Germany,68
C0797,Yes,Mid-Market,North,Finance,Medium,UK,92
C0798,Yes,SMB,West,Retail,Medium,UK,53
C0799,Yes,SMB,South,Manufacturing,Large,UK,10
C0800,Yes,Mid-Market,East,Healthcare,Medium,India,87
C0801,Yes,Mid-Market,South,Manufacturing,Large,India,59
C0802,Yes,Enterprise,South,Healthcare,Small,UAE,80
C0803,Yes,Enterprise,North,Tech,Large,UAE,16
C0804,Yes,Mid-Market,South,Finance,Large,India,81
C0805,Yes,SMB,South,Finance,Small,India,89
C0806,Yes,Enterprise,West,Healthcare,Large,USA,82
C0807,Yes,Mid-Market,East,Finance,Large,India,14
C0808,Yes,Mid-Market,South,Retail,Small,UK,41
C0809,Yes,Enterprise,East,Finance,Large,USA,11
C0810,Yes,Enterprise,South,Retail,Small,India,62
C0811,Yes,SMB,East,Tech,Small,Germany,80
C0812,Yes,SMB,East,Finance,Medium,UAE,11
C0813,Yes,Mid-Market,East,Retail,Medium,USA,89
C0814,Yes,Enterprise,West,Tech,Medium,India,89
C0815,Yes,Mid-Market,East,Tech,Medium,UK,21
C0816,Yes,SMB,South,Healthcare,Small,Germany,97
C0817,Yes,Mid-Market,South,Manufacturing,Medium,UK,18
C0818,Yes,Enterprise,South,Retail,Medium,UK,54
C0819,Yes,SMB,West,Healthcare,Small,India,90
C0820,Yes,SMB,North,Healthcare,Small,UAE,33
C0821,Yes,SMB,East,Retail,Medium,India,58
C0822,Yes,SMB,East,Finance,Small,Germany,64
C0823,Yes,SMB,West,Tech,Small,UK,54
C0824,Yes,Mid-Market,East,Tech,Large,UAE,25
C0825,Yes,SMB,West,Manufacturing,Large,Germany,57
C0826,Yes,Enterprise,West,Finance,Medium,UK,57
C0827,Yes,Enterprise,South,Retail,Large,USA,28
C0828,Yes,Mid-Market,South,Tech,Small,UAE,94
C0829,Yes,SMB,South,Manufacturing,Small,Germany,89
C0830,Yes,Enterprise,East,Finance,Large,Germany,9
C0831,Yes,SMB,East,Tech,Small,Germany,24
C0832,Yes,Mid-Market,South,Healthcare,Small,USA,39
C0833,Yes,Enterprise,West,Tech,Small,UK,47
C0834,Yes,Mid-Market,West,Manufacturing,Medium,India,4
C0835,Yes,SMB,East,Retail,Small,Germany,80
C0836,Yes,Mid-Market,South,Retail,Small,USA,16
C0837,Yes,Enterprise,East,Retail,Medium,Germany,81
C0838,Yes,Enterprise,East,Manufacturing,Large,India,96
C0839,Yes,SMB,South,Retail,Large,USA,42
C0840,Yes,Enterprise,East,Healthcare,Medium,India,46
C0841,Yes,Enterprise,South,Finance,Small,UAE,43
C0842,Yes,SMB,South,Finance,Small,UK,54
C0843,Yes,Mid-Market,East,Manufacturing,Medium,India,34
C0844,Yes,Mid-Market,West,Retail,Large,UAE,47
C0845,Yes,Enterprise,North,Healthcare,Small,UK,3
C0846,Yes,Mid-Market,West,Retail,Large,India,54
C0847,Yes,SMB,West,Tech,Large,Germany,45
C0848,Yes,SMB,South,Tech,Medium,Germany,12
C0849,Yes,Enterprise,North,Manufacturing,Large,USA,97
C0850,Yes,SMB,South,Tech,Medium,USA,85
C0851,Yes,Mid-Market,South,Finance,Small,India,31
C0852,Yes,Enterprise,South,Tech,Large,UAE,30
C0853,Yes,Enterprise,North,Manufacturing,Small,UK,92
C0854,Yes,SMB,East,Tech,Large,UAE,15
C0855,Yes,SMB,North,Healthcare,Small,UK,45
C0856,Yes,Mid-Market,East,Healthcare,Small,UAE,50
C0857,Yes,Mid-Market,South,Finance,Large,UAE,44
C0858,Yes,Enterprise,North,Healthcare,Large,USA,11
C0859,Yes,SMB,West,Retail,Small,UAE,46
C0860,Yes,Mid-Market,South,Healthcare,Small,USA,5
C0861,Yes,Mid-Market,South,Retail,Medium,UAE,76
C0862,Yes,SMB,South,Manufacturing,Small,UK,75
C0863,Yes,SMB,West,Retail,Large,India,28
C0864,Yes,SMB,North,Manufacturing,Large,USA,5
C0865,Yes,SMB,West,Healthcare,Medium,UAE,64
C0866,Yes,Enterprise,South,Retail,Small,USA,28
C0867,Yes,SMB,North,Finance,Medium,UAE,56
C0868,Yes,Enterprise,East,Tech,Large,USA,26
C0869,Yes,SMB,South,Healthcare,Small,USA,39
C0870,Yes,Mid-Market,South,Tech,Small,India,12
C0871,Yes,Enterprise,North,Healthcare,Medium,USA,22
C0872,Yes,Enterprise,South,Healthcare,Small,UK,72
C0873,Yes,Enterprise,East,Tech,Small,UAE,99
C0874,Yes,Mid-Market,North,Manufacturing,Small,USA,12
C0875,Yes,Enterprise,East,Healthcare,Medium,UAE,30
C0876,Yes,Enterprise,East,Tech,Small,UAE,27
C0877,Yes,Enterprise,South,Healthcare,Medium,Germany,70
C0878,Yes,SMB,East,Healthcare,Large,UAE,9
C0879,Yes,Enterprise,South,Healthcare,Small,India,91
C0880,Yes,Mid-Market,West,Healthcare,Medium,UAE,43
C0881,Yes,Mid-Market,South,Finance,Small,UK,55
C0882,Yes,Mid-Market,North,Healthcare,Small,Germany,90
C0883,Yes,Mid-Market,East,Retail,Medium,UK,96
C0884,Yes,SMB,North,Healthcare,Medium,USA,85
C0885,Yes,SMB,West,Manufacturing,Large,UK,79
C0886,Yes,Enterprise,South,Finance,Large,USA,16
C0887,Yes,Enterprise,South,Retail,Small,India,76
C0888,Yes,SMB,East,Retail,Small,India,57
C0889,Yes,SMB,West,Manufacturing,Large,India,62
C0890,Yes,Enterprise,North,Manufacturing,Small,UAE,59
C0891,Yes,Mid-Market,North,Finance,Medium,UAE,55
C0892,Yes,SMB,South,Manufacturing,Small,USA,73
C0893,Yes,Mid-Market,North,Healthcare,Large,Germany,30
C0894,Yes,SMB,East,Tech,Medium,UK,14
C0895,Yes,SMB,East,Finance,Small,India,15
C0896,Yes,Enterprise,East,Retail,Medium,USA,42
C0897,Yes,Mid-Market,North,Retail,Large,UK,18
C0898,Yes,Mid-Market,North,Healthcare,Large,USA,18
C0899,Yes,SMB,West,Finance,Small,Germany,28
C0900,Yes,Enterprise,West,Healthcare,Small,India,67
C0901,Yes,Enterprise,North,Healthcare,Large,India,19
C0902,Yes,Mid-Market,West,Retail,Large,UAE,74
C0903,Yes,SMB,South,Retail,Large,UAE,97
C0904,Yes,SMB,North,Healthcare,Small,USA,12
C0905,Yes,SMB,South,Manufacturing,Small,USA,71
C0906,Yes,Mid-Market,North,Healthcare,Large,India,68
C0907,Yes,SMB,East,Finance,Large,Germany,14
C0908,Yes,Enterprise,East,Retail,Large,Germany,85
C0909,Yes,SMB,South,Tech,Small,India,29
C0910,Yes,SMB,West,Manufacturing,Medium,Germany,68
C0911,Yes,SMB,West,Healthcare,Medium,UAE,46
C0912,Yes,Enterprise,South,Healthcare,Small,USA,60
C0913,Yes,Mid-Market,West,Tech,Large,USA,85
C0914,Yes,Mid-Market,North,Retail,Large,UK,58
C0915,Yes,Enterprise,East,Manufacturing,Small,USA,24
C0916,Yes,SMB,West,Retail,Large,UAE,80
C0917,Yes,Enterprise,North,Healthcare,Medium,UAE,91
C0918,Yes,SMB,East,Finance,Large,India,24
C0919,Yes,Enterprise,East,Retail,Large,USA,31
C0920,Yes,Mid-Market,South,Retail,Large,USA,39
C0921,Yes,SMB,East,Healthcare,Small,USA,30
C0922,Yes,SMB,East,Manufacturing,Large,India,14
C0923,Yes,SMB,North,Healthcare,Medium,India,63
C0924,Yes,SMB,North,Finance,Small,India,4
C0925,Yes,Enterprise,East,Manufacturing,Medium,UAE,23
C0926,Yes,Enterprise,South,Retail,Large,USA,55
C0927,Yes,Enterprise,East,Tech,Small,India,11
C0928,Yes,Mid-Market,West,Retail,Large,Germany,43
C0929,Yes,SMB,West,Manufacturing,Large,India,65
C0930,Yes,SMB,North,Retail,Medium,India,56
C0931,Yes,Enterprise,North,Healthcare,Large,Germany,59
C0932,Yes,Enterprise,North,Finance,Large,UAE,54
C0933,Yes,SMB,East,Manufacturing,Large,UAE,27
C0934,Yes,Enterprise,East,Healthcare,Small,USA,55
C0935,Yes,SMB,West,Manufacturing,Medium,Germany,57
C0936,Yes,SMB,East,Retail,Large,Germany,26
C0937,Yes,Mid-Market,West,Tech,Medium,UK,76
C0938,Yes,Enterprise,South,Finance,Large,USA,84
C0939,Yes,Mid-Market,North,Finance,Large,India,77
C0940,Yes,SMB,West,Manufacturing,Medium,India,38
C0941,Yes,Enterprise,East,Retail,Small,UAE,18
C0942,Yes,SMB,North,Healthcare,Large,UK,35
C0943,Yes,Mid-Market,North,Tech,Medium,UK,57
C0944,Yes,Enterprise,South,Finance,Medium,India,45
C0945,Yes,Enterprise,East,Tech,Small,Germany,30
C0946,Yes,Enterprise,West,Healthcare,Large,India,15
C0947,Yes,Enterprise,West,Healthcare,Medium,UK,93
C0948,Yes,Enterprise,East,Manufacturing,Large,USA,85
C0949,Yes,Enterprise,West,Finance,Medium,USA,32
C0950,Yes,SMB,West,Finance,Large,India,43
C0951,Yes,Mid-Market,North,Retail,Medium,Germany,83
C0952,Yes,SMB,North,Healthcare,Large,India,32
C0953,Yes,Enterprise,North,Manufacturing,Large,India,4
C0954,Yes,SMB,East,Healthcare,Large,UK,88
C0955,Yes,Enterprise,East,Finance,Large,UAE,63
C0956,Yes,Mid-Market,South,Finance,Medium,UAE,35
C0957,Yes,SMB,North,Healthcare,Medium,Germany,95
C0958,Yes,Mid-Market,North,Finance,Large,India,5
C0959,Yes,Mid-Market,South,Healthcare,Medium,UK,98
C0960,Yes,Enterprise,South,Tech,Small,Germany,5
C0961,Yes,Enterprise,South,Finance,Medium,USA,16
C0962,Yes,SMB,South,Finance,Medium,UAE,91
C0963,Yes,SMB,East,Finance,Small,UK,99
C0964,Yes,Mid-Market,East,Tech,Small,Germany,55
C0965,Yes,SMB,North,Manufacturing,Small,USA,72
C0966,Yes,Mid-Market,West,Retail,Small,UAE,42
C0967,Yes,SMB,East,Manufacturing,Large,Germany,78
C0968,Yes,Enterprise,North,Tech,Medium,UK,74
C0969,Yes,SMB,South,Tech,Small,Germany,1
C0970,Yes,Enterprise,West,Manufacturing,Small,UK,21
C0971,Yes,SMB,South,Finance,Small,Germany,19
C0972,Yes,Mid-Market,South,Healthcare,Small,Germany,86
C0973,Yes,Mid-Market,East,Finance,Medium,UAE,58
C0974,Yes,SMB,East,Retail,Medium,USA,55
C0975,Yes,Enterprise,West,Retail,Small,India,24
C0976,Yes,Mid-Market,East,Retail,Large,UAE,94
C0977,Yes,SMB,North,Tech,Small,India,28
C0978,Yes,Enterprise,North,Tech,Small,USA,86
C0979,Yes,Mid-Market,East,Tech,Small,USA,87
C0980,Yes,SMB,North,Finance,Small,India,9
C0981,Yes,Enterprise,West,Finance,Large,UK,10
C0982,Yes,Mid-Market,West,Retail,Large,USA,72
C0983,Yes,Mid-Market,South,Tech,Small,India,5
C0984,Yes,Mid-Market,East,Manufacturing,Medium,USA,97
C0985,Yes,Mid-Market,East,Finance,Medium,Germany,84
C0986,Yes,Enterprise,East,Retail,Medium,UK,71
C0987,Yes,SMB,South,Healthcare,Small,UAE,77
C0988,Yes,Mid-Market,South,Manufacturing,Small,Germany,15
C0989,Yes,Mid-Market,South,Healthcare,Large,UK,91
C0990,Yes,Mid-Market,East,Finance,Small,Germany,84
C0991,Yes,Mid-Market,South,Manufacturing,Large,UK,61
C0992,Yes,Enterprise,South,Tech,Large,India,64
C0993,Yes,SMB,East,Finance,Large,Germany,95
C0994,Yes,Enterprise,North,Healthcare,Medium,India,6
C0995,Yes,Mid-Market,East,Manufacturing,Medium,Germany,15
C0996,Yes,SMB,East,Tech,Medium,UAE,35
C0997,Yes,SMB,East,Healthcare,Medium,India,74
C0998,Yes,Enterprise,West,Tech,Medium,Germany,80
C0999,Yes,Enterprise,West,Healthcare,Large,UAE,60
C1000,Yes,SMB,South,Finance,Small,India,64
M1001,No,Enterprise,West,Manufacturing,Large,India,30
M1002,No,Mid-Market,West,Finance,Small,UAE,62
M1003,No,Mid-Market,East,Retail,Small,UAE,7
M1004,No,Enterprise,South,Manufacturing,Medium,Germany,17
M1005,No,SMB,East,Retail,Small,UK,10
M1006,No,SMB,West,Retail,Large,UK,42
M1007,No,SMB,East,Finance,Small,India,45
M1008,No,Mid-Market,North,Finance,Medium,USA,73
M1009,No,SMB,North,Healthcare,Medium,India,72
M1010,No,Mid-Market,North,Tech,Medium,Germany,21
M1011,No,Mid-Market,North,Manufacturing,Small,UAE,86
M1012,No,Enterprise,North,Manufacturing,Small,Germany,37
M1013,No,SMB,West,Finance,Large,USA,78
M1014,No,Mid-Market,East,Retail,Small,UAE,62
M1015,No,SMB,South,Retail,Large,UK,12
M1016,No,Enterprise,East,Tech,Medium,Germany,96
M1017,No,Mid-Market,East,Tech,Large,UAE,9
M1018,No,SMB,East,Finance,Large,India,84
M1019,No,Enterprise,South,Retail,Large,Germany,34
M1020,No,Enterprise,North,Healthcare,Large,Germany,91
M1021,No,Mid-Market,North,Healthcare,Small,India,4
M1022,No,Mid-Market,East,Retail,Medium,India,71
M1023,No,SMB,East,Tech,Small,UK,65
M1024,No,SMB,North,Retail,Large,Germany,36
M1025,No,SMB,East,Tech,Small,Germany,63
M1026,No,Enterprise,East,Manufacturing,Small,UAE,17
M1027,No,Mid-Market,South,Tech,Medium,UK,35
M1028,No,Enterprise,East,Finance,Medium,UK,72
M1029,No,Enterprise,East,Finance,Medium,UAE,32
M1030,No,Mid-Market,West,Tech,Small,USA,15
M1031,No,Enterprise,South,Tech,Large,UK,87
M1032,No,SMB,North,Manufacturing,Small,USA,17
M1033,No,Mid-Market,North,Manufacturing,Large,USA,100
M1034,No,Mid-Market,North,Healthcare,Medium,Germany,97
M1035,No,SMB,North,Manufacturing,Large,UAE,96
M1036,No,Enterprise,East,Tech,Large,India,26
M1037,No,Mid-Market,South,Healthcare,Large,India,52
M1038,No,Enterprise,East,Tech,Large,Germany,59
M1039,No,Enterprise,West,Finance,Small,UK,52
M1040,No,SMB,West,Retail,Large,USA,2
M1041,No,Mid-Market,East,Finance,Small,USA,6
M1042,No,Mid-Market,West,Finance,Medium,USA,72
M1043,No,Mid-Market,South,Finance,Small,UK,67
M1044,No,Enterprise,North,Manufacturing,Medium,USA,12
M1045,No,Mid-Market,East,Finance,Large,USA,45
M1046,No,SMB,East,Tech,Small,UK,40
M1047,No,Enterprise,North,Healthcare,Medium,Germany,94
M1048,No,SMB,East,Tech,Medium,UK,89
M1049,No,Mid-Market,North,Healthcare,Medium,India,95
M1050,No,Enterprise,West,Healthcare,Medium,UAE,54
M1051,No,Mid-Market,South,Healthcare,Small,Germany,28
M1052,No,SMB,South,Healthcare,Large,USA,67
M1053,No,SMB,West,Retail,Large,UAE,57
M1054,No,Enterprise,South,Healthcare,Medium,UK,78
M1055,No,SMB,North,Retail,Medium,India,18
M1056,No,SMB,South,Retail,Large,UAE,91
M1057,No,Enterprise,East,Finance,Small,UAE,66
M1058,No,Enterprise,West,Retail,Medium,Germany,1
M1059,No,Mid-Market,West,Finance,Small,USA,31
M1060,No,Mid-Market,North,Healthcare,Small,UAE,100
M1061,No,Mid-Market,West,Tech,Large,UAE,22
M1062,No,Enterprise,East,Finance,Large,India,23
M1063,No,Mid-Market,West,Healthcare,Medium,UK,23
M1064,No,Mid-Market,East,Healthcare,Medium,UK,96
M1065,No,Enterprise,West,Retail,Large,Germany,9
M1066,No,Enterprise,East,Finance,Large,USA,82
M1067,No,Enterprise,South,Finance,Large,Germany,53
M1068,No,Enterprise,South,Healthcare,Medium,Germany,17
M1069,No,SMB,East,Manufacturing,Large,India,21
M1070,No,Mid-Market,South,Healthcare,Small,UAE,80
M1071,No,SMB,North,Retail,Large,UAE,77
M1072,No,Mid-Market,North,Finance,Small,USA,60
M1073,No,Mid-Market,South,Healthcare,Medium,UAE,83
M1074,No,SMB,North,Healthcare,Medium,UAE,38
M1075,No,Mid-Market,North,Healthcare,Small,Germany,5
M1076,No,SMB,West,Healthcare,Large,UK,66
M1077,No,SMB,West,Healthcare,Medium,India,75
M1078,No,Mid-Market,South,Healthcare,Small,India,78
M1079,No,Mid-Market,South,Manufacturing,Medium,USA,39
M1080,No,Enterprise,West,Retail,Large,Germany,18
M1081,No,Enterprise,South,Retail,Large,India,67
M1082,No,Mid-Market,West,Healthcare,Small,USA,30
M1083,No,Enterprise,South,Manufacturing,Large,USA,49
M1084,No,Mid-Market,North,Finance,Large,India,91
M1085,No,Enterprise,South,Retail,Medium,UAE,56
M1086,No,SMB,North,Retail,Medium,Germany,62
M1087,No,Mid-Market,South,Healthcare,Medium,Germany,63
M1088,No,Mid-Market,West,Healthcare,Medium,UAE,83
M1089,No,SMB,East,Tech,Small,USA,77
M1090,No,SMB,South,Healthcare,Small,Germany,78
M1091,No,SMB,East,Finance,Large,Germany,22
M1092,No,Mid-Market,East,Tech,Small,UK,38
M1093,No,Mid-Market,North,Retail,Medium,UAE,72
M1094,No,SMB,North,Manufacturing,Large,India,78
M1095,No,Mid-Market,West,Tech,Medium,Germany,24
M1096,No,SMB,West,Finance,Small,India,35
M1097,No,Mid-Market,South,Finance,Medium,UK,30
M1098,No,Mid-Market,West,Manufacturing,Small,UAE,90
M1099,No,Mid-Market,West,Healthcare,Medium,UAE,7
M1100,No,SMB,South,Retail,Large,USA,66
M1101,No,Mid-Market,South,Tech,Medium,USA,7
M1102,No,SMB,South,Finance,Large,Germany,93
M1103,No,SMB,East,Finance,Small,UK,23
M1104,No,Enterprise,West,Finance,Medium,UAE,75
M1105,No,Mid-Market,East,Tech,Medium,Germany,9
M1106,No,Enterprise,East,Tech,Small,Germany,11
M1107,No,Mid-Market,West,Healthcare,Small,UK,86
M1108,No,SMB,East,Retail,Large,UK,68
M1109,No,Mid-Market,East,Retail,Medium,UK,20
M1110,No,Mid-Market,West,Tech,Large,UAE,63
M1111,No,Enterprise,West,Healthcare,Small,USA,21
M1112,No,SMB,West,Healthcare,Medium,UK,34
M1113,No,SMB,West,Manufacturing,Medium,India,50
M1114,No,Enterprise,East,Manufacturing,Large,USA,5
M1115,No,SMB,East,Retail,Large,UK,27
M1116,No,SMB,East,Finance,Small,USA,96
M1117,No,Enterprise,South,Manufacturing,Medium,India,66
M1118,No,SMB,South,Tech,Large,UAE,41
M1119,No,SMB,East,Healthcare,Medium,Germany,32
M1120,No,Enterprise,North,Manufacturing,Small,UAE,54
M1121,No,Enterprise,North,Finance,Large,UK,45
M1122,No,SMB,North,Tech,Large,India,22
M1123,No,Mid-Market,East,Healthcare,Small,USA,25
M1124,No,Enterprise,South,Manufacturing,Small,UAE,33
M1125,No,Mid-Market,West,Manufacturing,Medium,UAE,91
M1126,No,SMB,West,Tech,Large,UAE,26
M1127,No,Enterprise,South,Retail,Large,UAE,80
M1128,No,Mid-Market,South,Healthcare,Small,UAE,62
M1129,No,SMB,North,Healthcare,Small,Germany,24
M1130,No,SMB,West,Healthcare,Medium,Germany,21
M1131,No,SMB,West,Finance,Small,USA,5
M1132,No,Enterprise,North,Healthcare,Small,USA,58
M1133,No,Mid-Market,South,Finance,Small,India,57
M1134,No,Mid-Market,East,Finance,Medium,USA,10
M1135,No,Enterprise,West,Retail,Small,UK,30
M1136,No,SMB,East,Finance,Small,Germany,85
M1137,No,SMB,West,Finance,Small,UAE,95
M1138,No,Mid-Market,South,Healthcare,Large,India,68
M1139,No,SMB,West,Finance,Small,Germany,73
M1140,No,Enterprise,North,Finance,Large,UK,38
M1141,No,Enterprise,South,Retail,Small,Germany,73
M1142,No,Enterprise,North,Manufacturing,Small,UK,74
M1143,No,Enterprise,South,Finance,Small,Germany,93
M1144,No,Mid-Market,West,Tech,Medium,UAE,80
M1145,No,SMB,South,Healthcare,Large,USA,34
M1146,No,Mid-Market,West,Tech,Medium,UK,36
M1147,No,Mid-Market,East,Finance,Medium,UK,45
M1148,No,Enterprise,West,Tech,Small,India,73
M1149,No,Enterprise,North,Finance,Medium,Germany,79
M1150,No,Mid-Market,East,Tech,Medium,USA,84
M1151,No,Mid-Market,East,Tech,Small,UK,32
M1152,No,Enterprise,West,Tech,Small,USA,65
M1153,No,Enterprise,East,Retail,Medium,USA,35
M1154,No,SMB,East,Manufacturing,Small,USA,69
M1155,No,Enterprise,West,Healthcare,Medium,India,10
M1156,No,Enterprise,West,Manufacturing,Small,USA,97
M1157,No,SMB,East,Healthcare,Large,India,88
M1158,No,SMB,South,Healthcare,Large,USA,92
M1159,No,Enterprise,South,Finance,Small,Germany,96
M1160,No,Mid-Market,South,Manufacturing,Medium,Germany,18
M1161,No,Enterprise,North,Finance,Medium,Germany,91
M1162,No,Enterprise,South,Tech,Medium,Germany,49
M1163,No,Enterprise,East,Tech,Small,India,76
M1164,No,Mid-Market,South,Manufacturing,Large,UAE,47
M1165,No,Mid-Market,North,Healthcare,Medium,USA,46
M1166,No,Mid-Market,South,Manufacturing,Large,USA,97
M1167,No,SMB,West,Finance,Large,UK,69
M1168,No,Mid-Market,South,Tech,Large,UAE,57
M1169,No,Enterprise,South,Manufacturing,Large,Germany,69
M1170,No,Enterprise,West,Healthcare,Small,Germany,2
M1171,No,Enterprise,North,Tech,Small,UAE,69
M1172,No,Mid-Market,East,Finance,Large,India,33
M1173,No,Enterprise,East,Healthcare,Small,UAE,90
M1174,No,SMB,West,Retail,Small,Germany,66
M1175,No,SMB,West,Finance,Medium,India,56
M1176,No,Enterprise,East,Tech,Small,UAE,47
M1177,No,SMB,East,Finance,Small,Germany,37
M1178,No,Enterprise,East,Retail,Small,USA,99
M1179,No,Enterprise,West,Retail,Small,India,96
M1180,No,Mid-Market,West,Retail,Medium,USA,33
M1181,No,Mid-Market,West,Manufacturing,Large,Germany,62
M1182,No,Enterprise,North,Finance,Large,USA,91
M1183,No,Mid-Market,South,Manufacturing,Large,India,29
M1184,No,Enterprise,North,Retail,Large,UAE,23
M1185,No,Mid-Market,South,Manufacturing,Large,Germany,85
M1186,No,Enterprise,West,Retail,Large,India,33
M1187,No,Mid-Market,East,Finance,Large,UAE,18
M1188,No,Mid-Market,North,Tech,Medium,Germany,98
M1189,No,Mid-Market,East,Finance,Large,Germany,38
M1190,No,Enterprise,South,Manufacturing,Medium,UK,10
M1191,No,SMB,South,Manufacturing,Small,UAE,8
M1192,No,Mid-Market,West,Tech,Medium,UAE,86
M1193,No,Enterprise,South,Manufacturing,Large,USA,20
M1194,No,SMB,West,Manufacturing,Small,Germany,35
M1195,No,Enterprise,South,Manufacturing,Medium,USA,44
M1196,No,Mid-Market,North,Manufacturing,Large,USA,56
M1197,No,SMB,West,Tech,Medium,Germany,49
M1198,No,Enterprise,South,Retail,Medium,India,26
M1199,No,Enterprise,South,Healthcare,Large,Germany,29
M1200,No,SMB,North,Manufacturing,Large,USA,33
M1201,No,SMB,West,Retail,Small,USA,14
M1202,No,Enterprise,South,Retail,Large,UAE,74
M1203,No,Enterprise,East,Finance,Small,UK,87
M1204,No,Mid-Market,West,Healthcare,Small,UK,48
M1205,No,Enterprise,West,Finance,Large,India,12
M1206,No,Enterprise,East,Retail,Large,UK,100
M1207,No,Enterprise,North,Healthcare,Medium,UK,55
M1208,No,SMB,North,Retail,Medium,UAE,50
M1209,No,Enterprise,East,Retail,Large,USA,8
M1210,No,Mid-Market,North,Manufacturing,Small,UK,95
M1211,No,SMB,East,Healthcare,Medium,Germany,12
M1212,No,Enterprise,South,Finance,Medium,Germany,54
M1213,No,SMB,West,Healthcare,Small,India,17
M1214,No,SMB,East,Retail,Large,UAE,45
M1215,No,Enterprise,North,Tech,Small,UK,74
M1216,No,SMB,North,Finance,Large,USA,27
M1217,No,Enterprise,North,Healthcare,Large,USA,73
M1218,No,Enterprise,North,Finance,Small,USA,22
M1219,No,Enterprise,South,Retail,Large,India,27
M1220,No,Mid-Market,South,Tech,Medium,Germany,60
M1221,No,Mid-Market,South,Manufacturing,Medium,India,23
M1222,No,Mid-Market,West,Healthcare,Large,USA,37
M1223,No,Enterprise,South,Tech,Small,UK,45
M1224,No,SMB,South,Retail,Small,UK,44
M1225,No,SMB,North,Healthcare,Small,UK,67
M1226,No,SMB,South,Retail,Small,UK,100
M1227,No,SMB,West,Manufacturing,Small,UAE,60
M1228,No,SMB,South,Retail,Large,UK,34
M1229,No,Mid-Market,East,Healthcare,Small,Germany,99
M1230,No,Mid-Market,East,Healthcare,Medium,UK,62
M1231,No,Mid-Market,West,Tech,Medium,UK,37
M1232,No,SMB,North,Healthcare,Small,UK,69
M1233,No,SMB,East,Finance,Large,Germany,95
M1234,No,Mid-Market,South,Tech,Small,USA,43
M1235,No,Mid-Market,North,Tech,Large,USA,12
M1236,No,Mid-Market,West,Retail,Small,USA,15
M1237,No,SMB,South,Retail,Medium,UK,65
M1238,No,SMB,North,Tech,Large,UK,39
M1239,No,SMB,West,Tech,Medium,UK,99
M1240,No,Mid-Market,West,Manufacturing,Large,India,15
M1241,No,Mid-Market,East,Tech,Medium,UAE,80
M1242,No,SMB,South,Tech,Small,USA,70
M1243,No,Mid-Market,East,Finance,Medium,UAE,73
M1244,No,SMB,East,Finance,Small,UAE,75
M1245,No,SMB,East,Tech,Small,Germany,45
M1246,No,Enterprise,East,Finance,Large,Germany,23
M1247,No,SMB,East,Finance,Medium,Germany,53
M1248,No,Enterprise,South,Finance,Medium,Germany,45
M1249,No,Enterprise,West,Retail,Large,USA,18
M1250,No,SMB,West,Retail,Small,USA,79
M1251,No,Enterprise,North,Finance,Small,India,91
M1252,No,Enterprise,North,Retail,Medium,USA,35
M1253,No,Mid-Market,South,Finance,Small,UK,47
M1254,No,Mid-Market,South,Retail,Small,UK,81
M1255,No,Enterprise,West,Tech,Small,UAE,59
M1256,No,SMB,North,Finance,Medium,USA,68
M1257,No,SMB,East,Tech,Medium,Germany,88
M1258,No,Mid-Market,South,Healthcare,Medium,India,44
M1259,No,SMB,North,Tech,Medium,India,55
M1260,No,SMB,South,Retail,Large,Germany,91
M1261,No,Mid-Market,South,Finance,Medium,India,77
M1262,No,Enterprise,South,Finance,Large,USA,89
M1263,No,Mid-Market,North,Manufacturing,Medium,UAE,9
M1264,No,Mid-Market,North,Healthcare,Medium,UK,16
M1265,No,SMB,North,Healthcare,Large,USA,58
M1266,No,Mid-Market,West,Healthcare,Medium,UK,19
M1267,No,SMB,East,Finance,Large,India,27
M1268,No,Mid-Market,West,Tech,Small,UK,61
M1269,No,Enterprise,West,Tech,Large,Germany,71
M1270,No,SMB,North,Manufacturing,Large,Germany,18
M1271,No,Mid-Market,East,Finance,Medium,UAE,81
M1272,No,SMB,South,Manufacturing,Medium,UK,23
M1273,No,Mid-Market,West,Manufacturing,Small,USA,7
M1274,No,Mid-Market,South,Healthcare,Medium,India,2
M1275,No,Mid-Market,East,Retail,Medium,Germany,50
M1276,No,Enterprise,North,Tech,Medium,UAE,96
M1277,No,Enterprise,West,Tech,Small,India,32
M1278,No,Enterprise,South,Tech,Large,USA,57
M1279,No,Mid-Market,East,Manufacturing,Small,UK,97
M1280,No,SMB,South,Healthcare,Medium,USA,46
M1281,No,Enterprise,South,Retail,Small,Germany,88
M1282,No,Enterprise,North,Manufacturing,Medium,UK,9
M1283,No,SMB,South,Retail,Medium,UAE,11
M1284,No,Mid-Market,South,Manufacturing,Large,UAE,37
M1285,No,SMB,West,Retail,Small,UK,33
M1286,No,Enterprise,West,Tech,Small,USA,13
M1287,No,Mid-Market,South,Tech,Small,India,5
M1288,No,Mid-Market,North,Tech,Medium,Germany,34
M1289,No,Enterprise,East,Finance,Small,UAE,88
M1290,No,SMB,South,Finance,Medium,Germany,17
M1291,No,Enterprise,East,Healthcare,Medium,UK,13
M1292,No,Enterprise,South,Tech,Large,Germany,93
M1293,No,Mid-Market,South,Retail,Large,USA,72
M1294,No,Mid-Market,East,Healthcare,Medium,USA,29
M1295,No,Enterprise,East,Retail,Small,UK,78
M1296,No,SMB,East,Healthcare,Small,India,97
M1297,No,Mid-Market,South,Healthcare,Large,India,32
M1298,No,Mid-Market,South,Finance,Medium,USA,28
M1299,No,SMB,West,Manufacturing,Large,India,13
M1300,No,SMB,North,Tech,Small,UAE,14
M1301,No,SMB,South,Manufacturing,Medium,UAE,46
M1302,No,Enterprise,South,Finance,Small,UAE,91
M1303,No,Mid-Market,South,Tech,Large,UK,40
M1304,No,Mid-Market,South,Tech,Medium,India,39
M1305,No,Enterprise,North,Finance,Small,USA,59
M1306,No,Enterprise,West,Tech,Medium,UAE,44
M1307,No,Mid-Market,East,Manufacturing,Large,Germany,82
M1308,No,SMB,East,Manufacturing,Small,UK,70
M1309,No,Enterprise,East,Tech,Large,USA,12
M1310,No,Enterprise,South,Retail,Small,UK,31
M1311,No,SMB,West,Manufacturing,Large,USA,48
M1312,No,Mid-Market,South,Tech,Medium,UAE,79
M1313,No,Enterprise,North,Healthcare,Large,USA,7
M1314,No,Mid-Market,South,Tech,Medium,India,25
M1315,No,SMB,West,Tech,Large,UAE,26
M1316,No,Mid-Market,North,Tech,Large,India,83
M1317,No,SMB,East,Finance,Large,USA,40
M1318,No,SMB,East,Healthcare,Small,USA,78
M1319,No,Enterprise,South,Finance,Medium,India,89
M1320,No,Mid-Market,East,Healthcare,Small,India,28
M1321,No,Mid-Market,West,Tech,Small,Germany,62
M1322,No,Mid-Market,North,Retail,Small,UAE,51
M1323,No,Enterprise,South,Finance,Large,UAE,81
M1324,No,Enterprise,South,Finance,Medium,UK,14
M1325,No,Mid-Market,North,Tech,Small,USA,29
M1326,No,Enterprise,South,Tech,Large,USA,16
M1327,No,SMB,East,Healthcare,Small,USA,44
M1328,No,SMB,West,Healthcare,Medium,USA,94
M1329,No,SMB,South,Healthcare,Large,UK,89
M1330,No,Mid-Market,North,Manufacturing,Small,Germany,42
M1331,No,Mid-Market,West,Tech,Medium,Germany,42
M1332,No,Mid-Market,East,Tech,Small,UK,14
M1333,No,Enterprise,East,Healthcare,Large,USA,7
M1334,No,Mid-Market,North,Finance,Medium,USA,11
M1335,No,SMB,South,Finance,Large,UK,51
M1336,No,Mid-Market,West,Manufacturing,Small,UK,56
M1337,No,SMB,West,Manufacturing,Large,USA,91
M1338,No,Mid-Market,North,Tech,Large,UAE,43
M1339,No,SMB,South,Healthcare,Medium,UAE,9
M1340,No,Mid-Market,South,Finance,Medium,India,47
M1341,No,SMB,North,Retail,Large,USA,87
M1342,No,Enterprise,West,Healthcare,Medium,Germany,9
M1343,No,Mid-Market,East,Healthcare,Small,UAE,60
M1344,No,SMB,East,Tech,Medium,UK,11
M1345,No,Mid-Market,South,Manufacturing,Small,Germany,56
M1346,No,SMB,North,Finance,Large,UAE,31
M1347,No,Enterprise,South,Finance,Small,UAE,7
M1348,No,SMB,North,Tech,Small,UK,47
M1349,No,Mid-Market,West,Finance,Medium,UK,46
M1350,No,Mid-Market,South,Tech,Medium,UAE,81
M1351,No,Enterprise,West,Tech,Large,India,60
M1352,No,SMB,North,Retail,Medium,UK,76
M1353,No,Mid-Market,East,Retail,Large,India,14
M1354,No,SMB,South,Retail,Medium,India,62
M1355,No,Mid-Market,North,Manufacturing,Small,Germany,45
M1356,No,Enterprise,West,Healthcare,Small,UAE,7
M1357,No,SMB,East,Healthcare,Large,Germany,34
M1358,No,Enterprise,West,Retail,Large,India,62
M1359,No,Mid-Market,East,Healthcare,Small,India,55
M1360,No,Mid-Market,South,Finance,Medium,UK,35
M1361,No,Enterprise,North,Healthcare,Large,USA,30
M1362,No,Enterprise,North,Manufacturing,Large,UK,75
M1363,No,Mid-Market,South,Finance,Large,UK,64
M1364,No,Enterprise,South,Tech,Medium,India,86
M1365,No,Enterprise,East,Finance,Medium,USA,20
M1366,No,SMB,East,Retail,Small,UAE,31
M1367,No,Enterprise,East,Finance,Small,USA,77
M1368,No,Enterprise,West,Healthcare,Large,UK,45
M1369,No,Enterprise,North,Retail,Large,India,50
M1370,No,Mid-Market,South,Retail,Small,India,86
M1371,No,SMB,East,Manufacturing,Medium,USA,91
M1372,No,Mid-Market,East,Retail,Medium,UK,6
M1373,No,Mid-Market,West,Retail,Large,India,62
M1374,No,SMB,North,Finance,Large,UAE,9
M1375,No,SMB,South,Retail,Medium,UAE,58
M1376,No,SMB,East,Retail,Small,India,85
M1377,No,Mid-Market,East,Tech,Medium,UK,96
M1378,No,Mid-Market,North,Manufacturing,Large,USA,55
M1379,No,Mid-Market,West,Retail,Small,Germany,45
M1380,No,Enterprise,North,Manufacturing,Medium,USA,38
M1381,No,Enterprise,South,Finance,Medium,UK,60
M1382,No,SMB,North,Tech,Medium,UK,58
M1383,No,Enterprise,East,Tech,Medium,USA,68
M1384,No,SMB,South,Finance,Medium,UAE,59
M1385,No,Enterprise,North,Finance,Large,UK,99
M1386,No,Mid-Market,West,Retail,Medium,USA,33
M1387,No,Mid-Market,East,Finance,Medium,India,75
M1388,No,Enterprise,South,Manufacturing,Small,Germany,70
M1389,No,SMB,North,Tech,Large,USA,43
M1390,No,SMB,South,Healthcare,Large,USA,71
M1391,No,Enterprise,West,Manufacturing,Large,India,50
M1392,No,SMB,West,Retail,Small,UK,69
M1393,No,Enterprise,East,Finance,Small,UAE,88
M1394,No,Mid-Market,South,Finance,Small,USA,67
M1395,No,Enterprise,East,Tech,Large,Germany,24
M1396,No,Enterprise,East,Manufacturing,Large,Germany,87
M1397,No,SMB,East,Manufacturing,Small,Germany,79
M1398,No,SMB,East,Tech,Large,UK,16
M1399,No,SMB,South,Retail,Medium,UAE,62
M1400,No,Enterprise,West,Healthcare,Large,UAE,58
M1401,No,Mid-Market,South,Retail,Medium,USA,64
M1402,No,SMB,South,Finance,Large,UAE,25
M1403,No,Enterprise,West,Manufacturing,Large,UK,8
M1404,No,Enterprise,East,Manufacturing,Medium,India,45
M1405,No,Enterprise,South,Finance,Medium,India,51
M1406,No,Mid-Market,West,Tech,Large,UAE,37
M1407,No,Enterprise,North,Manufacturing,Small,Germany,67
M1408,No,SMB,South,Finance,Large,UK,46
M1409,No,Enterprise,North,Retail,Large,India,37
M1410,No,SMB,North,Manufacturing,Small,UAE,89
M1411,No,SMB,West,Manufacturing,Small,Germany,98
M1412,No,SMB,West,Retail,Small,Germany,59
M1413,No,Enterprise,East,Retail,Large,UAE,50
M1414,No,SMB,West,Healthcare,Large,UK,56
M1415,No,Mid-Market,South,Retail,Large,India,65
M1416,No,Mid-Market,East,Healthcare,Small,USA,84
M1417,No,Mid-Market,South,Retail,Small,India,7
M1418,No,SMB,West,Finance,Large,UAE,30
M1419,No,Mid-Market,West,Tech,Small,India,12
M1420,No,Enterprise,North,Retail,Small,India,7
M1421,No,SMB,North,Healthcare,Large,UK,76
M1422,No,SMB,South,Tech,Large,Germany,34
M1423,No,SMB,West,Tech,Small,Germany,18
M1424,No,SMB,North,Finance,Medium,India,28
M1425,No,Enterprise,South,Manufacturing,Medium,Germany,47
M1426,No,SMB,North,Manufacturing,Medium,UAE,39
M1427,No,Enterprise,South,Healthcare,Medium,Germany,100
M1428,No,SMB,South,Retail,Small,India,16
M1429,No,Mid-Market,North,Tech,Small,USA,24
M1430,No,Enterprise,East,Retail,Large,Germany,81
M1431,No,SMB,East,Healthcare,Medium,UAE,93
M1432,No,SMB,East,Manufacturing,Medium,USA,99
M1433,No,Enterprise,West,Healthcare,Large,India,26
M1434,No,Enterprise,East,Healthcare,Medium,USA,21
M1435,No,SMB,West,Finance,Medium,UAE,78
M1436,No,Mid-Market,South,Finance,Large,India,63
M1437,No,SMB,East,Manufacturing,Small,India,50
M1438,No,Mid-Market,North,Finance,Large,UAE,17
M1439,No,Mid-Market,South,Healthcare,Large,UAE,6
M1440,No,SMB,East,Manufacturing,Medium,Germany,89
M1441,No,Mid-Market,West,Retail,Medium,UAE,35
M1442,No,SMB,West,Finance,Medium,USA,12
M1443,No,Enterprise,West,Finance,Small,Germany,57
M1444,No,Enterprise,West,Finance,Large,Germany,67
M1445,No,Enterprise,North,Tech,Medium,UK,6
M1446,No,Mid-Market,West,Retail,Large,Germany,89
M1447,No,Enterprise,East,Healthcare,Small,India,20
M1448,No,Enterprise,North,Tech,Large,USA,32
M1449,No,Enterprise,North,Retail,Large,USA,36
M1450,No,SMB,South,Finance,Medium,Germany,20
M1451,No,SMB,East,Finance,Large,India,76
M1452,No,Enterprise,West,Retail,Medium,UAE,21
M1453,No,SMB,East,Healthcare,Medium,India,68
M1454,No,Enterprise,South,Healthcare,Medium,UAE,44
M1455,No,Enterprise,East,Healthcare,Small,UAE,70
M1456,No,Enterprise,West,Manufacturing,Medium,Germany,96
M1457,No,Enterprise,West,Manufacturing,Large,UAE,45
M1458,No,SMB,East,Tech,Medium,Germany,85
M1459,No,Mid-Market,West,Tech,Small,UK,49
M1460,No,Enterprise,South,Retail,Small,USA,27
M1461,No,SMB,East,Tech,Medium,USA,20
M1462,No,Enterprise,East,Healthcare,Large,Germany,70
M1463,No,Mid-Market,East,Manufacturing,Small,UK,78
M1464,No,Mid-Market,North,Finance,Large,UK,14
M1465,No,SMB,North,Finance,Medium,UAE,49
M1466,No,Enterprise,West,Finance,Large,UK,11
M1467,No,Enterprise,East,Healthcare,Medium,USA,9
M1468,No,SMB,South,Finance,Medium,UK,87
M1469,No,Mid-Market,South,Finance,Large,India,23
M1470,No,Enterprise,South,Healthcare,Large,UAE,29
M1471,No,SMB,West,Tech,Small,USA,80
M1472,No,SMB,West,Finance,Small,UK,37
M1473,No,Mid-Market,South,Retail,Large,India,82
M1474,No,Enterprise,South,Tech,Small,UAE,27
M1475,No,SMB,South,Tech,Medium,UK,57
M1476,No,Mid-Market,North,Tech,Small,UK,72
M1477,No,Mid-Market,East,Retail,Medium,UAE,52
M1478,No,Enterprise,South,Finance,Medium,Germany,26
M1479,No,Enterprise,North,Finance,Medium,USA,27
M1480,No,Mid-Market,South,Finance,Medium,India,54
M1481,No,Enterprise,North,Finance,Small,Germany,88
M1482,No,Mid-Market,West,Finance,Large,India,37
M1483,No,Enterprise,West,Finance,Large,UAE,22
M1484,No,SMB,West,Healthcare,Small,Germany,98
M1485,No,SMB,South,Retail,Medium,USA,84
M1486,No,Enterprise,West,Tech,Small,USA,27
M1487,No,Mid-Market,East,Healthcare,Small,India,97
M1488,No,Enterprise,West,Tech,Medium,India,4
M1489,No,Enterprise,North,Manufacturing,Small,India,23
M1490,No,SMB,West,Retail,Large,UAE,76
M1491,No,Enterprise,East,Manufacturing,Small,UAE,51
M1492,No,Mid-Market,South,Manufacturing,Medium,UAE,7
M1493,No,Mid-Market,South,Manufacturing,Medium,USA,43
M1494,No,SMB,East,Tech,Large,Germany,22
M1495,No,SMB,West,Finance,Large,UAE,75
M1496,No,SMB,South,Retail,Large,Germany,88
M1497,No,Enterprise,West,Retail,Medium,India,82
M1498,No,Enterprise,East,Finance,Large,India,58
M1499,No,Enterprise,West,Manufacturing,Large,UAE,3
M1500,No,Mid-Market,North,Tech,Medium,Germany,65
M1501,No,Enterprise,West,Manufacturing,Medium,UK,49
M1502,No,SMB,West,Healthcare,Medium,USA,37
M1503,No,SMB,South,Manufacturing,Large,Germany,18
M1504,No,Mid-Market,North,Manufacturing,Medium,UAE,81
M1505,No,Enterprise,East,Finance,Medium,UK,92
M1506,No,Mid-Market,East,Manufacturing,Small,Germany,36
M1507,No,Enterprise,North,Tech,Large,USA,91
M1508,No,Mid-Market,South,Manufacturing,Medium,USA,37
M1509,No,SMB,North,Retail,Large,India,55
M1510,No,Mid-Market,West,Healthcare,Small,UAE,1
M1511,No,Enterprise,East,Manufacturing,Large,UAE,52
M1512,No,Mid-Market,North,Healthcare,Large,UAE,69
M1513,No,SMB,South,Tech,Medium,India,84
M1514,No,Mid-Market,North,Healthcare,Small,Germany,37
M1515,No,Enterprise,North,Manufacturing,Small,Germany,15
M1516,No,SMB,West,Healthcare,Small,India,95
M1517,No,SMB,West,Healthcare,Large,USA,42
M1518,No,Enterprise,South,Retail,Large,UK,76
M1519,No,Mid-Market,North,Manufacturing,Large,UAE,90
M1520,No,Mid-Market,South,Healthcare,Small,UK,83
M1521,No,Mid-Market,North,Retail,Large,UK,98
M1522,No,Enterprise,North,Finance,Large,Germany,23
M1523,No,Enterprise,North,Healthcare,Large,India,55
M1524,No,Mid-Market,North,Healthcare,Large,USA,22
M1525,No,SMB,West,Manufacturing,Medium,UAE,67
M1526,No,Enterprise,North,Finance,Large,USA,56
M1527,No,SMB,North,Manufacturing,Medium,Germany,68
M1528,No,Mid-Market,South,Tech,Medium,UAE,54
M1529,No,SMB,East,Retail,Small,India,97
M1530,No,Enterprise,North,Finance,Large,USA,41
M1531,No,SMB,West,Finance,Large,UAE,83
M1532,No,Enterprise,South,Manufacturing,Large,Germany,84
M1533,No,Enterprise,West,Healthcare,Small,UK,9
M1534,No,Mid-Market,East,Retail,Small,USA,39
M1535,No,Mid-Market,South,Retail,Medium,India,10
M1536,No,Mid-Market,East,Tech,Large,India,60
M1537,No,SMB,East,Tech,Medium,USA,16
M1538,No,Mid-Market,East,Retail,Large,India,70
M1539,No,SMB,West,Healthcare,Medium,India,89
M1540,No,Enterprise,West,Retail,Large,UK,1
M1541,No,SMB,South,Retail,Medium,USA,37
M1542,No,Mid-Market,West,Retail,Large,UK,73
M1543,No,SMB,South,Tech,Small,USA,87
M1544,No,SMB,North,Retail,Medium,Germany,48
M1545,No,Mid-Market,West,Healthcare,Large,UK,42
M1546,No,SMB,West,Healthcare,Small,India,55
M1547,No,Mid-Market,North,Finance,Large,UAE,100
M1548,No,SMB,North,Manufacturing,Small,UK,70
M1549,No,Mid-Market,East,Finance,Large,USA,99
M1550,No,SMB,West,Retail,Medium,USA,100
M1551,No,Mid-Market,North,Tech,Medium,Germany,34
M1552,No,SMB,West,Manufacturing,Small,USA,8
M1553,No,Enterprise,West,Finance,Large,USA,43
M1554,No,Mid-Market,South,Finance,Large,India,87
M1555,No,Mid-Market,South,Retail,Large,UK,11
M1556,No,Mid-Market,West,Retail,Large,Germany,86
M1557,No,SMB,West,Manufacturing,Large,UAE,5
M1558,No,SMB,East,Finance,Large,USA,38
M1559,No,Mid-Market,North,Finance,Medium,Germany,31
M1560,No,Mid-Market,East,Healthcare,Large,UAE,81
M1561,No,Enterprise,East,Healthcare,Large,UK,64
M1562,No,Mid-Market,South,Finance,Small,India,4
M1563,No,Mid-Market,South,Finance,Medium,Germany,96
M1564,No,SMB,South,Retail,Large,UAE,82
M1565,No,Enterprise,South,Healthcare,Large,UAE,45
M1566,No,SMB,East,Healthcare,Large,UK,86
M1567,No,SMB,South,Retail,Medium,UK,79
M1568,No,Mid-Market,South,Retail,Large,India,33
M1569,No,Mid-Market,North,Manufacturing,Medium,UK,96
M1570,No,Mid-Market,North,Tech,Medium,India,73
M1571,No,SMB,West,Tech,Small,UAE,74
M1572,No,Enterprise,North,Manufacturing,Large,India,48
M1573,No,Enterprise,East,Retail,Small,UK,70
M1574,No,SMB,West,Tech,Large,India,83
M1575,No,Mid-Market,North,Healthcare,Small,Germany,31
M1576,No,Mid-Market,West,Healthcare,Large,Germany,1
M1577,No,Enterprise,North,Healthcare,Small,UK,28
M1578,No,SMB,North,Manufacturing,Small,UK,97
M1579,No,Enterprise,West,Finance,Small,India,22
M1580,No,Enterprise,North,Manufacturing,Small,Germany,5
M1581,No,Mid-Market,South,Manufacturing,Medium,USA,89
M1582,No,SMB,North,Manufacturing,Large,USA,27
M1583,No,SMB,East,Finance,Small,UAE,41
M1584,No,SMB,West,Finance,Small,India,58
M1585,No,Mid-Market,East,Manufacturing,Small,UAE,30
M1586,No,Mid-Market,South,Finance,Large,Germany,69
M1587,No,Enterprise,North,Finance,Medium,UK,51
M1588,No,Enterprise,North,Tech,Small,Germany,69
M1589,No,Enterprise,West,Retail,Large,India,50
M1590,No,Mid-Market,East,Tech,Large,UK,32
M1591,No,Mid-Market,North,Healthcare,Medium,India,49
M1592,No,SMB,North,Manufacturing,Large,India,55
M1593,No,Mid-Market,South,Healthcare,Large,India,75
M1594,No,Mid-Market,East,Manufacturing,Large,UK,49
M1595,No,Enterprise,North,Finance,Large,UAE,14
M1596,No,Mid-Market,North,Manufacturing,Small,USA,59
M1597,No,Mid-Market,West,Healthcare,Medium,USA,22
M1598,No,SMB,North,Finance,Medium,UAE,98
M1599,No,Enterprise,East,Manufacturing,Small,USA,79
M1600,No,Enterprise,South,Tech,Small,USA,45
M1601,No,Enterprise,East,Tech,Medium,UAE,38
M1602,No,Mid-Market,East,Healthcare,Large,UK,68
M1603,No,SMB,West,Manufacturing,Small,UAE,58
M1604,No,SMB,North,Manufacturing,Medium,UK,9
M1605,No,Enterprise,West,Manufacturing,Small,Germany,58
M1606,No,SMB,South,Healthcare,Small,UK,29
M1607,No,Enterprise,West,Healthcare,Medium,UAE,20
M1608,No,Enterprise,East,Manufacturing,Small,USA,71
M1609,No,SMB,West,Retail,Large,USA,19
M1610,No,Mid-Market,East,Finance,Large,India,14
M1611,No,Mid-Market,North,Tech,Large,USA,6
M1612,No,Mid-Market,North,Manufacturing,Large,USA,43
M1613,No,Enterprise,South,Tech,Large,USA,15
M1614,No,SMB,East,Manufacturing,Small,USA,29
M1615,No,Enterprise,South,Finance,Medium,India,97
M1616,No,Enterprise,North,Manufacturing,Medium,India,16
M1617,No,Mid-Market,South,Manufacturing,Small,UAE,59
M1618,No,Enterprise,North,Healthcare,Small,India,76
M1619,No,SMB,North,Tech,Small,USA,75
M1620,No,Mid-Market,East,Finance,Large,India,73
M1621,No,SMB,North,Tech,Small,UAE,10
M1622,No,Enterprise,West,Manufacturing,Small,Germany,31
M1623,No,SMB,East,Manufacturing,Medium,Germany,88
M1624,No,Mid-Market,West,Retail,Medium,India,51
M1625,No,Enterprise,East,Tech,Large,Germany,89
M1626,No,Mid-Market,South,Finance,Large,UAE,11
M1627,No,Enterprise,East,Manufacturing,Medium,UK,50
M1628,No,Enterprise,East,Finance,Large,UK,52
M1629,No,Enterprise,West,Manufacturing,Medium,UK,30
M1630,No,SMB,South,Manufacturing,Small,USA,37
M1631,No,SMB,North,Tech,Small,UAE,25
M1632,No,Enterprise,East,Tech,Medium,UK,63
M1633,No,Enterprise,East,Retail,Small,UK,55
M1634,No,Mid-Market,East,Healthcare,Small,India,17
M1635,No,Enterprise,East,Finance,Small,UAE,67
M1636,No,SMB,East,Tech,Large,Germany,49
M1637,No,SMB,South,Healthcare,Large,Germany,82
M1638,No,Enterprise,West,Retail,Small,UK,93
M1639,No,Mid-Market,East,Healthcare,Medium,UAE,44
M1640,No,Mid-Market,North,Healthcare,Medium,USA,56
M1641,No,SMB,South,Finance,Small,UAE,4
M1642,No,Enterprise,North,Tech,Small,India,2
M1643,No,SMB,North,Manufacturing,Small,India,61
M1644,No,SMB,East,Tech,Medium,UAE,62
M1645,No,SMB,South,Tech,Small,Germany,68
M1646,No,SMB,North,Tech,Medium,UAE,42
M1647,No,Enterprise,North,Tech,Large,UK,11
M1648,No,Enterprise,South,Healthcare,Small,UK,88
M1649,No,Enterprise,North,Healthcare,Large,India,69
M1650,No,Enterprise,East,Tech,Medium,Germany,81
M1651,No,SMB,East,Retail,Medium,UAE,74
M1652,No,Mid-Market,West,Healthcare,Small,UAE,16
M1653,No,SMB,North,Manufacturing,Small,USA,95
M1654,No,Enterprise,South,Manufacturing,Large,India,35
M1655,No,Mid-Market,East,Tech,Large,UAE,4
M1656,No,SMB,East,Manufacturing,Small,Germany,81
M1657,No,SMB,South,Manufacturing,Medium,UK,58
M1658,No,Mid-Market,West,Finance,Medium,USA,3
M1659,No,SMB,South,Healthcare,Large,Germany,18
M1660,No,Enterprise,North,Tech,Small,UAE,44
M1661,No,SMB,East,Manufacturing,Large,Germany,93
M1662,No,Enterprise,North,Retail,Small,UK,17
M1663,No,SMB,East,Finance,Large,UK,91
M1664,No,SMB,South,Manufacturing,Large,UAE,62
M1665,No,Mid-Market,West,Manufacturing,Large,India,27
M1666,No,SMB,East,Manufacturing,Large,Germany,68
M1667,No,Enterprise,North,Healthcare,Small,UAE,26
M1668,No,Mid-Market,West,Retail,Small,India,9
M1669,No,Mid-Market,South,Retail,Small,UAE,78
M1670,No,Mid-Market,West,Healthcare,Small,UAE,60
M1671,No,Enterprise,South,Retail,Medium,India,98
M1672,No,SMB,South,Finance,Medium,India,96
M1673,No,Enterprise,East,Manufacturing,Large,India,63
M1674,No,Enterprise,West,Finance,Medium,India,59
M1675,No,Enterprise,East,Manufacturing,Medium,USA,43
M1676,No,Enterprise,North,Healthcare,Medium,USA,92
M1677,No,Mid-Market,West,Retail,Large,India,64
M1678,No,SMB,South,Retail,Small,UAE,52
M1679,No,Enterprise,East,Tech,Small,Germany,52
M1680,No,Mid-Market,South,Healthcare,Small,UK,7
M1681,No,Mid-Market,East,Retail,Large,UAE,78
M1682,No,SMB,East,Retail,Medium,India,10
M1683,No,SMB,South,Manufacturing,Large,UK,18
M1684,No,Enterprise,North,Retail,Medium,Germany,19
M1685,No,Mid-Market,East,Finance,Medium,USA,95
M1686,No,Mid-Market,North,Manufacturing,Medium,UAE,2
M1687,No,Enterprise,North,Retail,Small,UK,32
M1688,No,SMB,South,Manufacturing,Small,Germany,67
M1689,No,Mid-Market,South,Manufacturing,Small,Germany,69
M1690,No,Enterprise,South,Healthcare,Medium,UAE,73
M1691,No,SMB,North,Manufacturing,Medium,UAE,13
M1692,No,Enterprise,South,Manufacturing,Small,India,24
M1693,No,Enterprise,South,Retail,Small,UK,87
M1694,No,SMB,West,Finance,Medium,India,24
M1695,No,SMB,South,Manufacturing,Small,UAE,38
M1696,No,Mid-Market,East,Retail,Medium,USA,81
M1697,No,SMB,North,Healthcare,Large,UAE,88
M1698,No,Mid-Market,North,Healthcare,Small,UK,89
M1699,No,Enterprise,West,Retail,Small,Germany,41
M1700,No,Enterprise,East,Retail,Large,UAE,27
M1701,No,SMB,East,Finance,Medium,India,94
M1702,No,SMB,East,Manufacturing,Large,UAE,90
M1703,No,SMB,South,Tech,Medium,Germany,62
M1704,No,Mid-Market,West,Tech,Medium,UAE,71
M1705,No,Enterprise,South,Finance,Large,USA,47
M1706,No,Mid-Market,West,Finance,Medium,USA,21
M1707,No,Enterprise,North,Finance,Small,UAE,62
M1708,No,Mid-Market,East,Tech,Small,Germany,50
M1709,No,Enterprise,North,Manufacturing,Medium,UK,4
M1710,No,Enterprise,East,Manufacturing,Medium,UK,85
M1711,No,SMB,South,Healthcare,Large,UK,10
M1712,No,Mid-Market,South,Manufacturing,Small,USA,76
M1713,No,Enterprise,North,Finance,Medium,India,68
M1714,No,SMB,South,Healthcare,Medium,India,91
M1715,No,Enterprise,North,Retail,Medium,Germany,73
M1716,No,SMB,South,Tech,Medium,India,86
M1717,No,Mid-Market,West,Finance,Large,UAE,75
M1718,No,Enterprise,East,Retail,Small,UK,73
M1719,No,Mid-Market,South,Retail,Medium,Germany,48
M1720,No,Mid-Market,West,Healthcare,Large,India,46
M1721,No,SMB,South,Finance,Medium,India,43
M1722,No,Mid-Market,South,Retail,Large,UAE,48
M1723,No,Enterprise,North,Manufacturing,Small,India,70
M1724,No,SMB,North,Healthcare,Large,USA,2
M1725,No,SMB,South,Retail,Large,Germany,33
M1726,No,Enterprise,West,Retail,Large,UAE,12
M1727,No,SMB,West,Finance,Large,India,91
M1728,No,Mid-Market,North,Finance,Medium,India,98
M1729,No,Enterprise,South,Manufacturing,Medium,Germany,18
M1730,No,Enterprise,West,Manufacturing,Large,UK,82
M1731,No,Enterprise,West,Finance,Small,UK,79
M1732,No,Enterprise,West,Manufacturing,Large,UAE,41
M1733,No,SMB,North,Finance,Medium,UAE,92
M1734,No,Enterprise,South,Retail,Small,UK,76
M1735,No,Enterprise,South,Tech,Medium,USA,47
M1736,No,Mid-Market,West,Tech,Medium,UK,47
M1737,No,Mid-Market,South,Finance,Medium,Germany,73
M1738,No,SMB,West,Retail,Large,UAE,55
M1739,No,Mid-Market,West,Manufacturing,Large,UK,6
M1740,No,Mid-Market,West,Retail,Large,Germany,52
M1741,No,SMB,North,Retail,Large,USA,70
M1742,No,Enterprise,West,Healthcare,Medium,Germany,15
M1743,No,SMB,West,Healthcare,Small,Germany,41
M1744,No,SMB,East,Healthcare,Small,India,30
M1745,No,SMB,North,Retail,Large,UAE,61
M1746,No,Enterprise,East,Healthcare,Large,Germany,51
M1747,No,Enterprise,South,Manufacturing,Large,India,45
M1748,No,Mid-Market,South,Manufacturing,Small,UK,42
M1749,No,Enterprise,East,Retail,Medium,USA,8
M1750,No,SMB,South,Retail,Large,UAE,94
M1751,No,Enterprise,West,Tech,Medium,India,85
M1752,No,SMB,South,Retail,Medium,UK,35
M1753,No,Mid-Market,North,Finance,Medium,UAE,45
M1754,No,SMB,North,Finance,Large,UAE,37
M1755,No,SMB,North,Finance,Medium,USA,66
M1756,No,SMB,West,Tech,Medium,UK,96
M1757,No,Mid-Market,North,Healthcare,Large,UAE,53
M1758,No,Mid-Market,South,Tech,Small,USA,58
M1759,No,Mid-Market,South,Retail,Medium,Germany,22
M1760,No,Mid-Market,South,Retail,Large,UK,81
M1761,No,Mid-Market,East,Tech,Small,UK,93
M1762,No,Enterprise,West,Finance,Small,USA,35
M1763,No,Mid-Market,West,Tech,Large,India,46
M1764,No,Enterprise,South,Finance,Small,India,66
M1765,No,Mid-Market,West,Finance,Medium,UAE,28
M1766,No,Mid-Market,South,Tech,Medium,UAE,88
M1767,No,SMB,West,Tech,Small,Germany,77
M1768,No,Enterprise,South,Tech,Large,UK,26
M1769,No,SMB,West,Healthcare,Large,UAE,33
M1770,No,Mid-Market,North,Retail,Large,UK,71
M1771,No,Enterprise,East,Manufacturing,Large,Germany,8
M1772,No,Enterprise,West,Manufacturing,Small,India,41
M1773,No,Mid-Market,North,Retail,Small,India,55
M1774,No,Mid-Market,North,Healthcare,Small,UK,49
M1775,No,Enterprise,West,Healthcare,Medium,USA,27
M1776,No,Mid-Market,East,Healthcare,Medium,India,22
M1777,No,SMB,South,Finance,Medium,UAE,44
M1778,No,Mid-Market,South,Manufacturing,Medium,UAE,34
M1779,No,Enterprise,East,Healthcare,Medium,USA,89
M1780,No,SMB,South,Manufacturing,Small,India,61
M1781,No,Enterprise,West,Healthcare,Small,India,71
M1782,No,SMB,North,Finance,Small,UK,48
M1783,No,SMB,North,Finance,Medium,UK,83
M1784,No,SMB,North,Retail,Small,USA,13
M1785,No,Enterprise,West,Finance,Small,Germany,16
M1786,No,SMB,West,Healthcare,Large,India,2
M1787,No,Mid-Market,North,Healthcare,Small,Germany,88
M1788,No,SMB,South,Retail,Large,USA,91
M1789,No,Enterprise,South,Manufacturing,Medium,UAE,70
M1790,No,SMB,South,Tech,Small,Germany,52
M1791,No,SMB,West,Finance,Large,Germany,83
M1792,No,SMB,North,Healthcare,Medium,India,79
M1793,No,Mid-Market,North,Tech,Medium,India,41
M1794,No,Enterprise,North,Retail,Small,USA,15
M1795,No,Mid-Market,East,Healthcare,Medium,UAE,43
M1796,No,Enterprise,North,Finance,Large,UK,85
M1797,No,Enterprise,West,Finance,Medium,UK,63
M1798,No,Enterprise,North,Retail,Small,India,38
M1799,No,SMB,West,Finance,Medium,Germany,62
M1800,No,Enterprise,West,Tech,Small,India,14
M1801,No,SMB,North,Retail,Large,India,46
M1802,No,Enterprise,East,Manufacturing,Medium,India,13
M1803,No,Enterprise,West,Manufacturing,Medium,India,1
M1804,No,Enterprise,North,Finance,Medium,Germany,1
M1805,No,Enterprise,North,Finance,Large,UAE,14
M1806,No,Mid-Market,East,Retail,Small,USA,35
M1807,No,SMB,West,Retail,Small,UAE,84
M1808,No,Enterprise,North,Healthcare,Small,UK,53
M1809,No,SMB,West,Finance,Large,UK,38
M1810,No,Mid-Market,North,Retail,Small,UAE,7
M1811,No,Mid-Market,West,Healthcare,Large,USA,94
M1812,No,Enterprise,West,Manufacturing,Medium,Germany,49
M1813,No,Enterprise,East,Retail,Medium,UAE,73
M1814,No,Mid-Market,West,Healthcare,Small,India,84
M1815,No,Mid-Market,North,Manufacturing,Large,UK,96
M1816,No,SMB,South,Healthcare,Medium,USA,71
M1817,No,SMB,North,Healthcare,Small,Germany,94
M1818,No,SMB,North,Healthcare,Small,USA,50
M1819,No,Enterprise,East,Finance,Large,UK,80
M1820,No,Mid-Market,West,Retail,Medium,Germany,93
M1821,No,Mid-Market,North,Retail,Medium,India,46
M1822,No,SMB,North,Manufacturing,Small,USA,16
M1823,No,Mid-Market,North,Tech,Large,UK,6
M1824,No,SMB,North,Healthcare,Large,UAE,2
M1825,No,SMB,North,Healthcare,Small,India,38
M1826,No,SMB,North,Finance,Medium,UAE,68
M1827,No,Enterprise,East,Retail,Small,India,63
M1828,No,Mid-Market,West,Manufacturing,Medium,UAE,33
M1829,No,SMB,West,Tech,Small,UAE,29
M1830,No,SMB,North,Retail,Small,USA,85
M1831,No,SMB,West,Healthcare,Medium,USA,19
M1832,No,SMB,South,Manufacturing,Large,India,88
M1833,No,Enterprise,West,Healthcare,Large,India,1
M1834,No,Enterprise,East,Manufacturing,Small,India,13
M1835,No,Enterprise,West,Finance,Small,India,9
M1836,No,Enterprise,South,Healthcare,Small,USA,16
M1837,No,Mid-Market,South,Finance,Medium,India,31
M1838,No,Enterprise,West,Manufacturing,Medium,UK,78
M1839,No,Mid-Market,West,Healthcare,Medium,India,28
M1840,No,Enterprise,South,Healthcare,Medium,UK,88
M1841,No,SMB,South,Tech,Medium,UK,59
M1842,No,SMB,North,Manufacturing,Medium,UK,35
M1843,No,Enterprise,South,Finance,Small,UAE,19
M1844,No,Mid-Market,South,Finance,Small,Germany,11
M1845,No,Enterprise,South,Healthcare,Large,USA,74
M1846,No,Mid-Market,North,Manufacturing,Large,UK,36
M1847,No,Enterprise,West,Finance,Large,USA,62
M1848,No,Mid-Market,North,Healthcare,Medium,UAE,20
M1849,No,Mid-Market,West,Healthcare,Medium,USA,62
M1850,No,Enterprise,East,Healthcare,Medium,UK,7
M1851,No,SMB,West,Finance,Small,Germany,14
M1852,No,SMB,North,Tech,Medium,India,40
M1853,No,Enterprise,South,Manufacturing,Medium,USA,69
M1854,No,SMB,West,Manufacturing,Large,UAE,84
M1855,No,SMB,North,Manufacturing,Small,UAE,80
M1856,No,Enterprise,North,Manufacturing,Medium,USA,68
M1857,No,Mid-Market,South,Finance,Small,Germany,21
M1858,No,SMB,West,Tech,Small,India,7
M1859,No,Mid-Market,North,Finance,Large,USA,36
M1860,No,Mid-Market,East,Retail,Medium,UAE,31
M1861,No,Mid-Market,North,Retail,Small,Germany,16
M1862,No,Mid-Market,North,Healthcare,Large,USA,66
M1863,No,Mid-Market,West,Healthcare,Small,USA,13
M1864,No,Enterprise,North,Finance,Medium,India,53
M1865,No,Mid-Market,South,Healthcare,Medium,USA,38
M1866,No,Enterprise,South,Tech,Large,India,26
M1867,No,SMB,South,Finance,Small,USA,54
M1868,No,Enterprise,West,Tech,Large,India,31
M1869,No,Enterprise,West,Healthcare,Large,UK,86
M1870,No,SMB,North,Manufacturing,Small,USA,88
M1871,No,Mid-Market,South,Manufacturing,Medium,UAE,96
M1872,No,Enterprise,West,Tech,Small,UK,38
M1873,No,Mid-Market,West,Healthcare,Large,UK,64
M1874,No,Enterprise,South,Finance,Medium,USA,100
M1875,No,SMB,West,Finance,Small,UK,16
M1876,No,Mid-Market,East,Manufacturing,Small,India,21
M1877,No,Mid-Market,South,Healthcare,Large,India,13
M1878,No,SMB,East,Manufacturing,Large,USA,96
M1879,No,Enterprise,North,Manufacturing,Medium,USA,50
M1880,No,Mid-Market,North,Tech,Medium,USA,68
M1881,No,Enterprise,West,Manufacturing,Large,USA,13
M1882,No,SMB,South,Retail,Large,UK,47
M1883,No,Mid-Market,East,Finance,Large,USA,43
M1884,No,Mid-Market,West,Manufacturing,Medium,UAE,99
M1885,No,Enterprise,East,Healthcare,Large,Germany,24
M1886,No,SMB,East,Healthcare,Large,UK,14
M1887,No,Mid-Market,East,Retail,Medium,UAE,83
M1888,No,Enterprise,East,Finance,Small,UAE,26
M1889,No,Mid-Market,North,Finance,Small,UAE,9
M1890,No,Enterprise,West,Tech,Medium,Germany,80
M1891,No,Enterprise,West,Healthcare,Large,UK,5
M1892,No,SMB,East,Retail,Large,UAE,89
M1893,No,SMB,East,Manufacturing,Medium,UK,34
M1894,No,Mid-Market,North,Tech,Large,India,86
M1895,No,SMB,North,Tech,Medium,UAE,66
M1896,No,Mid-Market,West,Finance,Large,Germany,13
M1897,No,Mid-Market,South,Manufacturing,Small,UAE,36
M1898,No,Mid-Market,North,Finance,Small,Germany,8
M1899,No,SMB,West,Retail,Medium,UK,48
M1900,No,Enterprise,East,Retail,Large,UAE,86
M1901,No,Mid-Market,West,Finance,Small,India,97
M1902,No,Mid-Market,South,Finance,Large,Germany,20
M1903,No,Mid-Market,South,Healthcare,Large,Germany,11
M1904,No,Mid-Market,West,Finance,Large,UK,24
M1905,No,Enterprise,South,Retail,Small,USA,66
M1906,No,Enterprise,West,Manufacturing,Large,India,84
M1907,No,Enterprise,West,Tech,Small,UAE,44
M1908,No,SMB,South,Finance,Medium,India,84
M1909,No,Mid-Market,South,Healthcare,Medium,USA,21
M1910,No,Enterprise,South,Manufacturing,Medium,UK,45
M1911,No,SMB,West,Finance,Large,Germany,76
M1912,No,Mid-Market,South,Finance,Large,India,84
M1913,No,SMB,South,Retail,Small,USA,56
M1914,No,Mid-Market,North,Healthcare,Small,UK,77
M1915,No,Enterprise,South,Tech,Medium,India,81
M1916,No,Enterprise,North,Finance,Large,USA,35
M1917,No,Enterprise,South,Retail,Large,UK,14
M1918,No,SMB,North,Healthcare,Large,Germany,43
M1919,No,SMB,East,Retail,Large,UAE,4
M1920,No,Mid-Market,North,Retail,Large,India,61
M1921,No,SMB,South,Healthcare,Medium,Germany,75
M1922,No,SMB,South,Healthcare,Small,USA,55
M1923,No,Enterprise,East,Manufacturing,Small,UAE,86
M1924,No,Enterprise,East,Retail,Large,USA,64
M1925,No,SMB,South,Tech,Large,UAE,7
M1926,No,Mid-Market,South,Finance,Small,UAE,8
M1927,No,Enterprise,West,Tech,Small,UAE,21
M1928,No,SMB,West,Tech,Large,UK,77
M1929,No,Enterprise,South,Finance,Large,UK,34
M1930,No,SMB,West,Retail,Large,Germany,85
M1931,No,Mid-Market,South,Retail,Small,India,62
M1932,No,Mid-Market,South,Finance,Small,UAE,35
M1933,No,Enterprise,North,Finance,Medium,UAE,32
M1934,No,Mid-Market,South,Manufacturing,Large,Germany,71
M1935,No,Enterprise,South,Finance,Large,India,79
M1936,No,SMB,West,Healthcare,Medium,India,10
M1937,No,SMB,East,Retail,Medium,India,97
M1938,No,Mid-Market,East,Manufacturing,Large,India,17
M1939,No,Mid-Market,West,Retail,Medium,UK,39
M1940,No,Mid-Market,East,Tech,Large,UK,26
M1941,No,SMB,South,Retail,Medium,UK,65
M1942,No,SMB,West,Finance,Small,UAE,47
M1943,No,Enterprise,North,Manufacturing,Small,UK,88
M1944,No,Enterprise,North,Retail,Medium,UAE,94
M1945,No,Mid-Market,West,Manufacturing,Large,India,18
M1946,No,SMB,East,Retail,Small,India,71
M1947,No,SMB,North,Manufacturing,Small,Germany,55
M1948,No,SMB,North,Manufacturing,Medium,India,4
M1949,No,SMB,North,Healthcare,Large,UK,72
M1950,No,Mid-Market,East,Healthcare,Small,Germany,97
M1951,No,SMB,West,Tech,Large,India,52
M1952,No,Enterprise,South,Finance,Small,UAE,15
M1953,No,Enterprise,East,Tech,Small,Germany,13
M1954,No,SMB,South,Manufacturing,Medium,India,51
M1955,No,SMB,East,Healthcare,Large,UK,35
M1956,No,Mid-Market,West,Tech,Medium,UK,96
M1957,No,Mid-Market,South,Healthcare,Large,India,25
M1958,No,Mid-Market,West,Manufacturing,Medium,Germany,39
M1959,No,SMB,South,Retail,Large,USA,23
M1960,No,Mid-Market,North,Retail,Small,USA,30
M1961,No,Mid-Market,North,Manufacturing,Medium,UAE,5
M1962,No,Enterprise,West,Finance,Large,USA,48
M1963,No,Mid-Market,North,Retail,Large,USA,61
M1964,No,SMB,East,Healthcare,Large,India,83
M1965,No,Mid-Market,West,Tech,Large,UK,11
M1966,No,Enterprise,West,Manufacturing,Small,UK,81
M1967,No,Mid-Market,North,Retail,Medium,UK,89
M1968,No,Enterprise,East,Finance,Medium,India,90
M1969,No,Mid-Market,South,Tech,Large,UAE,37
M1970,No,Enterprise,North,Finance,Medium,UK,35
M1971,No,Mid-Market,West,Retail,Small,India,82
M1972,No,Enterprise,West,Retail,Large,India,13
M1973,No,Mid-Market,West,Tech,Small,USA,78
M1974,No,Enterprise,West,Healthcare,Medium,UAE,90
M1975,No,Mid-Market,South,Finance,Large,UK,79
M1976,No,Enterprise,West,Tech,Large,UK,89
M1977,No,Mid-Market,North,Tech,Large,Germany,52
M1978,No,SMB,North,Retail,Small,UAE,72
M1979,No,Enterprise,South,Tech,Small,UAE,50
M1980,No,Mid-Market,West,Retail,Large,Germany,86
M1981,No,Enterprise,East,Healthcare,Large,UAE,51
M1982,No,Enterprise,West,Tech,Medium,UAE,77
M1983,No,Mid-Market,North,Tech,Small,Germany,87
M1984,No,SMB,North,Healthcare,Medium,UAE,99
M1985,No,Enterprise,North,Retail,Medium,UAE,36
M1986,No,Enterprise,North,Finance,Medium,UK,67
M1987,No,SMB,East,Manufacturing,Medium,USA,27
M1988,No,SMB,West,Retail,Medium,India,92
M1989,No,Mid-Market,West,Tech,Small,UK,66
M1990,No,SMB,South,Retail,Medium,India,19
M1991,No,Enterprise,North,Healthcare,Large,UAE,10
M1992,No,Enterprise,South,Finance,Small,USA,43
M1993,No,Enterprise,East,Manufacturing,Large,Germany,45
M1994,No,Enterprise,South,Manufacturing,Medium,UAE,77
M1995,No,SMB,North,Tech,Small,India,21
M1996,No,SMB,West,Retail,Small,India,43
M1997,No,SMB,South,Manufacturing,Medium,India,99
M1998,No,SMB,South,Manufacturing,Small,Germany,28
M1999,No,Mid-Market,West,Retail,Medium,Germany,31
M2000,No,Mid-Market,West,Tech,Small,UK,72
M2001,No,SMB,North,Manufacturing,Large,USA,61
M2002,No,SMB,North,Manufacturing,Medium,India,10
M2003,No,SMB,South,Manufacturing,Large,UAE,18
M2004,No,Mid-Market,South,Retail,Large,Germany,65
M2005,No,SMB,North,Healthcare,Large,UAE,63
M2006,No,SMB,East,Manufacturing,Large,UAE,62
M2007,No,Enterprise,East,Manufacturing,Small,Germany,39
M2008,No,Enterprise,South,Manufacturing,Large,UAE,75
M2009,No,SMB,South,Retail,Large,UK,60
M2010,No,Enterprise,North,Finance,Small,Germany,89
M2011,No,Enterprise,East,Healthcare,Large,Germany,77
M2012,No,Enterprise,West,Healthcare,Medium,UK,44
M2013,No,SMB,South,Finance,Medium,UK,60
M2014,No,Enterprise,North,Tech,Small,USA,31
M2015,No,SMB,North,Retail,Small,UK,29
M2016,No,Enterprise,East,Finance,Small,Germany,49
M2017,No,SMB,West,Retail,Small,Germany,68
M2018,No,Enterprise,North,Retail,Small,Germany,89
M2019,No,SMB,West,Manufacturing,Medium,Germany,96
M2020,No,SMB,East,Manufacturing,Large,USA,74
M2021,No,Enterprise,South,Healthcare,Small,UK,33
M2022,No,SMB,East,Healthcare,Medium,Germany,28
M2023,No,SMB,West,Retail,Medium,UAE,97
M2024,No,Mid-Market,West,Healthcare,Medium,UK,56
M2025,No,Enterprise,South,Finance,Small,UK,78
M2026,No,Mid-Market,South,Manufacturing,Medium,India,28
M2027,No,SMB,South,Healthcare,Large,UK,63
M2028,No,Mid-Market,West,Healthcare,Small,Germany,9
M2029,No,Mid-Market,West,Healthcare,Large,USA,69
M2030,No,Mid-Market,West,Manufacturing,Medium,USA,53
M2031,No,Enterprise,North,Finance,Medium,USA,74
M2032,No,Mid-Market,South,Retail,Large,Germany,49
M2033,No,SMB,South,Retail,Medium,India,19
M2034,No,SMB,North,Manufacturing,Small,India,79
M2035,No,Mid-Market,North,Tech,Large,India,89
M2036,No,Mid-Market,West,Finance,Small,India,34
M2037,No,Mid-Market,East,Tech,Large,USA,39
M2038,No,Mid-Market,East,Finance,Medium,USA,23
M2039,No,Enterprise,North,Finance,Small,Germany,73
M2040,No,SMB,East,Tech,Large,UAE,22
M2041,No,Enterprise,North,Retail,Small,UAE,9
M2042,No,SMB,South,Tech,Small,India,81
M2043,No,Enterprise,North,Finance,Medium,USA,100
M2044,No,Mid-Market,East,Healthcare,Large,UAE,38
M2045,No,SMB,West,Manufacturing,Large,Germany,96
M2046,No,Mid-Market,South,Finance,Small,India,37
M2047,No,Mid-Market,West,Tech,Large,India,9
M2048,No,SMB,West,Manufacturing,Medium,UK,3
M2049,No,Enterprise,West,Healthcare,Small,UK,24
M2050,No,Enterprise,North,Finance,Medium,Germany,98
M2051,No,Mid-Market,East,Retail,Small,UK,53
M2052,No,Mid-Market,East,Healthcare,Medium,Germany,70
M2053,No,Mid-Market,East,Finance,Large,UAE,9
M2054,No,Mid-Market,East,Retail,Small,UK,3
M2055,No,Enterprise,East,Healthcare,Large,UAE,31
M2056,No,Mid-Market,South,Retail,Large,Germany,36
M2057,No,SMB,West,Tech,Small,USA,97
M2058,No,Enterprise,East,Manufacturing,Medium,Germany,71
M2059,No,Mid-Market,North,Healthcare,Large,USA,78
M2060,No,Enterprise,South,Finance,Large,Germany,36
M2061,No,SMB,South,Retail,Medium,India,11
M2062,No,Enterprise,South,Tech,Medium,UAE,41
M2063,No,Enterprise,West,Finance,Medium,India,32
M2064,No,SMB,East,Retail,Large,India,43
M2065,No,Enterprise,East,Tech,Medium,Germany,65
M2066,No,SMB,South,Tech,Medium,UK,82
M2067,No,Enterprise,East,Healthcare,Small,UK,96
M2068,No,Enterprise,West,Finance,Small,USA,95
M2069,No,SMB,North,Tech,Small,Germany,42
M2070,No,SMB,East,Tech,Small,Germany,50
M2071,No,Enterprise,North,Tech,Large,UK,98
M2072,No,Enterprise,West,Healthcare,Small,USA,86
M2073,No,SMB,South,Manufacturing,Small,UK,54
M2074,No,SMB,East,Finance,Large,Germany,56
M2075,No,Mid-Market,West,Tech,Medium,USA,56
M2076,No,SMB,West,Finance,Large,USA,29
M2077,No,Mid-Market,East,Manufacturing,Medium,Germany,92
M2078,No,SMB,West,Manufacturing,Small,USA,58
M2079,No,Enterprise,West,Tech,Medium,USA,59
M2080,No,Mid-Market,South,Manufacturing,Medium,USA,31
M2081,No,Enterprise,West,Retail,Small,USA,13
M2082,No,Mid-Market,East,Retail,Large,USA,52
M2083,No,Mid-Market,East,Retail,Small,USA,73
M2084,No,SMB,South,Retail,Medium,India,74
M2085,No,Mid-Market,East,Retail,Medium,UAE,8
M2086,No,SMB,West,Retail,Medium,UAE,82
M2087,No,Enterprise,North,Healthcare,Medium,UK,97
M2088,No,Enterprise,North,Finance,Large,UAE,84
M2089,No,SMB,West,Tech,Large,UAE,24
M2090,No,Mid-Market,North,Manufacturing,Large,India,11
M2091,No,Enterprise,East,Healthcare,Medium,UAE,9
M2092,No,Mid-Market,South,Healthcare,Large,India,93
M2093,No,Enterprise,South,Retail,Medium,USA,74
M2094,No,Mid-Market,North,Tech,Large,USA,63
M2095,No,Mid-Market,North,Healthcare,Large,Germany,68
M2096,No,Mid-Market,West,Retail,Medium,USA,49
M2097,No,Enterprise,West,Retail,Medium,UAE,29
M2098,No,Mid-Market,West,Tech,Large,UAE,14
M2099,No,Mid-Market,North,Healthcare,Small,UK,79
M2100,No,SMB,South,Tech,Medium,Germany,98
M2101,No,Mid-Market,North,Tech,Medium,UK,11
M2102,No,Mid-Market,North,Tech,Small,UAE,5
M2103,No,Enterprise,South,Finance,Large,USA,42
M2104,No,SMB,West,Manufacturing,Small,UK,26
M2105,No,SMB,South,Tech,Small,UAE,47
M2106,No,Mid-Market,East,Manufacturing,Medium,USA,5
M2107,No,Enterprise,East,Tech,Large,India,34
M2108,No,SMB,East,Healthcare,Small,UAE,64
M2109,No,Mid-Market,North,Tech,Medium,UK,61
M2110,No,Enterprise,West,Tech,Medium,UK,46
M2111,No,Enterprise,North,Retail,Large,UK,14
M2112,No,Enterprise,North,Manufacturing,Small,UAE,32
M2113,No,Mid-Market,North,Manufacturing,Large,USA,26
M2114,No,Enterprise,East,Retail,Small,UK,53
M2115,No,Mid-Market,West,Tech,Medium,USA,56
M2116,No,Mid-Market,East,Manufacturing,Small,Germany,45
M2117,No,SMB,South,Retail,Small,UK,56
M2118,No,SMB,West,Healthcare,Small,UAE,1
M2119,No,Enterprise,South,Finance,Medium,India,39
M2120,No,SMB,South,Manufacturing,Small,UAE,76
M2121,No,Enterprise,East,Healthcare,Small,USA,81
M2122,No,Enterprise,West,Finance,Large,USA,84
M2123,No,Enterprise,East,Manufacturing,Medium,USA,85
M2124,No,SMB,East,Retail,Large,USA,61
M2125,No,SMB,North,Manufacturing,Large,Germany,49
M2126,No,Mid-Market,East,Retail,Large,India,36
M2127,No,Enterprise,North,Tech,Large,UK,36
M2128,No,SMB,West,Finance,Large,USA,29
M2129,No,Enterprise,South,Tech,Small,UK,36
M2130,No,Enterprise,East,Retail,Medium,Germany,12
M2131,No,Mid-Market,West,Tech,Small,UAE,83
M2132,No,Enterprise,South,Manufacturing,Medium,UAE,90
M2133,No,Enterprise,West,Retail,Large,UAE,12
M2134,No,Enterprise,North,Manufacturing,Large,UK,31
M2135,No,Mid-Market,East,Healthcare,Small,UK,73
M2136,No,Mid-Market,North,Healthcare,Medium,UK,97
M2137,No,SMB,West,Finance,Large,Germany,59
M2138,No,SMB,West,Manufacturing,Medium,Germany,28
M2139,No,Mid-Market,East,Healthcare,Small,Germany,25
M2140,No,Enterprise,East,Tech,Large,USA,24
M2141,No,Enterprise,North,Finance,Large,USA,3
M2142,No,SMB,North,Healthcare,Small,UAE,60
M2143,No,Mid-Market,North,Tech,Medium,UAE,91
M2144,No,SMB,South,Healthcare,Small,USA,29
M2145,No,SMB,West,Healthcare,Large,Germany,75
M2146,No,Enterprise,West,Manufacturing,Small,UAE,46
M2147,No,Mid-Market,East,Tech,Medium,UAE,50
M2148,No,SMB,West,Tech,Medium,Germany,80
M2149,No,SMB,North,Tech,Large,UAE,37
M2150,No,Mid-Market,East,Healthcare,Large,Germany,30
M2151,No,SMB,South,Tech,Small,Germany,87
M2152,No,Mid-Market,East,Manufacturing,Large,India,3
M2153,No,Mid-Market,North,Healthcare,Large,UK,72
M2154,No,SMB,East,Healthcare,Medium,India,47
M2155,No,Enterprise,North,Finance,Medium,UAE,62
M2156,No,SMB,North,Tech,Medium,UK,23
M2157,No,Enterprise,East,Finance,Medium,India,60
M2158,No,Mid-Market,East,Finance,Large,UK,67
M2159,No,Mid-Market,South,Healthcare,Small,UAE,19
M2160,No,SMB,West,Healthcare,Medium,India,75
M2161,No,Enterprise,West,Tech,Medium,USA,89
M2162,No,SMB,West,Healthcare,Large,UK,22
M2163,No,SMB,West,Manufacturing,Medium,Germany,98
M2164,No,Mid-Market,North,Manufacturing,Large,India,65
M2165,No,SMB,West,Finance,Medium,UK,31
M2166,No,SMB,North,Finance,Large,UK,16
M2167,No,SMB,East,Retail,Small,India,79
M2168,No,Mid-Market,East,Healthcare,Large,USA,25
M2169,No,SMB,South,Manufacturing,Small,Germany,84
M2170,No,SMB,West,Tech,Large,UK,46
M2171,No,Mid-Market,South,Finance,Large,UK,25
M2172,No,SMB,West,Retail,Small,USA,40
M2173,No,Mid-Market,West,Retail,Small,UAE,3
M2174,No,Enterprise,South,Tech,Medium,Germany,42
M2175,No,Enterprise,South,Finance,Large,India,44
M2176,No,SMB,East,Tech,Large,Germany,31
M2177,No,Enterprise,West,Tech,Small,India,95
M2178,No,Mid-Market,East,Tech,Small,India,43
M2179,No,Enterprise,South,Tech,Medium,Germany,14
M2180,No,SMB,South,Finance,Small,UK,95
M2181,No,Enterprise,North,Finance,Medium,UAE,28
M2182,No,Enterprise,East,Healthcare,Small,USA,23
M2183,No,Mid-Market,North,Tech,Small,India,41
M2184,No,Mid-Market,West,Finance,Small,Germany,6
M2185,No,Enterprise,East,Manufacturing,Large,UAE,74
M2186,No,Mid-Market,South,Manufacturing,Large,USA,25
M2187,No,SMB,East,Manufacturing,Small,UK,36
M2188,No,SMB,West,Healthcare,Small,India,80
M2189,No,Enterprise,East,Manufacturing,Large,UK,75
M2190,No,Enterprise,South,Manufacturing,Large,UK,99
M2191,No,SMB,South,Retail,Large,UK,37
M2192,No,SMB,West,Finance,Large,UK,88
M2193,No,SMB,East,Retail,Medium,USA,79
M2194,No,Mid-Market,North,Finance,Small,USA,11
M2195,No,Enterprise,East,Manufacturing,Medium,USA,82
M2196,No,SMB,North,Retail,Large,USA,44
M2197,No,SMB,South,Retail,Medium,USA,29
M2198,No,Enterprise,East,Finance,Medium,India,77
M2199,No,SMB,South,Retail,Large,India,4
M2200,No,Enterprise,West,Healthcare,Large,UAE,81
M2201,No,Mid-Market,South,Retail,Small,USA,49
M2202,No,Mid-Market,North,Healthcare,Large,India,27
M2203,No,Enterprise,North,Finance,Medium,UK,32
M2204,No,Mid-Market,East,Healthcare,Small,USA,24
M2205,No,SMB,East,Healthcare,Small,UAE,11
M2206,No,Enterprise,East,Retail,Medium,UK,88
M2207,No,Mid-Market,North,Healthcare,Small,India,79
M2208,No,Enterprise,South,Healthcare,Large,USA,60
M2209,No,Mid-Market,East,Healthcare,Medium,India,83
M2210,No,SMB,North,Manufacturing,Medium,India,29
M2211,No,SMB,West,Tech,Large,Germany,95
M2212,No,SMB,South,Tech,Small,UK,28
M2213,No,Enterprise,West,Manufacturing,Small,UAE,7
M2214,No,Mid-Market,South,Finance,Medium,Germany,76
M2215,No,Mid-Market,West,Finance,Medium,USA,96
M2216,No,Enterprise,West,Retail,Large,India,63
M2217,No,SMB,East,Manufacturing,Small,Germany,37
M2218,No,SMB,South,Tech,Medium,USA,73
M2219,No,Enterprise,East,Tech,Small,UK,92
M2220,No,Enterprise,East,Tech,Medium,UK,86
M2221,No,Enterprise,South,Finance,Large,Germany,50
M2222,No,Mid-Market,West,Retail,Medium,USA,51
M2223,No,Enterprise,West,Retail,Large,UK,19
M2224,No,Enterprise,West,Finance,Large,India,48
M2225,No,Enterprise,North,Finance,Small,India,30
M2226,No,Mid-Market,North,Manufacturing,Small,India,2
M2227,No,Mid-Market,East,Finance,Large,Germany,66
M2228,No,Enterprise,East,Manufacturing,Small,Germany,25
M2229,No,Mid-Market,North,Healthcare,Large,UK,51
M2230,No,SMB,West,Manufacturing,Small,USA,33
M2231,No,Mid-Market,West,Healthcare,Large,UAE,96
M2232,No,SMB,South,Retail,Large,UAE,7
M2233,No,Mid-Market,East,Finance,Medium,UK,36
M2234,No,Enterprise,West,Retail,Small,UAE,78
M2235,No,Mid-Market,North,Finance,Medium,Germany,15
M2236,No,Enterprise,West,Finance,Medium,USA,32
M2237,No,SMB,North,Finance,Large,Germany,20
M2238,No,Mid-Market,South,Finance,Small,USA,61
M2239,No,Mid-Market,West,Manufacturing,Small,UAE,21
M2240,No,Mid-Market,West,Tech,Small,Germany,96
M2241,No,SMB,North,Healthcare,Medium,UK,44
M2242,No,SMB,South,Retail,Medium,UK,72
M2243,No,Enterprise,West,Healthcare,Medium,USA,70
M2244,No,SMB,North,Tech,Medium,Germany,45
M2245,No,Enterprise,North,Manufacturing,Large,Germany,78
M2246,No,SMB,North,Tech,Large,UK,33
M2247,No,Mid-Market,West,Tech,Large,Germany,94
M2248,No,SMB,East,Tech,Medium,UAE,96
M2249,No,SMB,East,Retail,Large,UAE,8
M2250,No,Enterprise,North,Manufacturing,Large,USA,84
M2251,No,SMB,East,Tech,Large,USA,9
M2252,No,Enterprise,North,Finance,Medium,USA,55
M2253,No,Enterprise,North,Manufacturing,Medium,UK,6
M2254,No,Enterprise,North,Manufacturing,Small,UK,44
M2255,No,Mid-Market,North,Manufacturing,Small,India,83
M2256,No,Enterprise,South,Healthcare,Small,India,50
M2257,No,Mid-Market,North,Manufacturing,Medium,Germany,35
M2258,No,Enterprise,East,Manufacturing,Small,USA,91
M2259,No,Enterprise,North,Tech,Small,UK,63
M2260,No,Mid-Market,East,Healthcare,Small,India,15
M2261,No,SMB,South,Tech,Large,UK,61
M2262,No,Mid-Market,East,Finance,Medium,USA,98
M2263,No,Mid-Market,South,Tech,Medium,India,97
M2264,No,Mid-Market,East,Finance,Large,Germany,61
M2265,No,Enterprise,East,Retail,Small,India,71
M2266,No,SMB,South,Healthcare,Large,UAE,56
M2267,No,Enterprise,North,Healthcare,Small,India,65
M2268,No,Mid-Market,North,Finance,Large,India,93
M2269,No,Enterprise,West,Healthcare,Small,UAE,98
M2270,No,Mid-Market,West,Healthcare,Large,Germany,73
M2271,No,SMB,North,Healthcare,Small,Germany,88
M2272,No,Mid-Market,East,Healthcare,Large,Germany,67
M2273,No,SMB,South,Retail,Medium,USA,26
M2274,No,SMB,North,Manufacturing,Medium,India,25
M2275,No,Enterprise,North,Finance,Small,Germany,29
M2276,No,Enterprise,South,Tech,Small,USA,29
M2277,No,Enterprise,East,Manufacturing,Small,UAE,13
M2278,No,SMB,East,Healthcare,Large,India,51
M2279,No,Enterprise,East,Healthcare,Small,Germany,82
M2280,No,Enterprise,South,Manufacturing,Small,UAE,29
M2281,No,SMB,East,Finance,Medium,India,35
M2282,No,Mid-Market,South,Finance,Small,UAE,91
M2283,No,Mid-Market,West,Retail,Medium,Germany,83
M2284,No,Mid-Market,South,Healthcare,Medium,Germany,28
M2285,No,Enterprise,North,Finance,Large,USA,3
M2286,No,SMB,South,Manufacturing,Medium,Germany,36
M2287,No,Mid-Market,South,Tech,Medium,Germany,99
M2288,No,SMB,North,Retail,Medium,Germany,13
M2289,No,Mid-Market,North,Manufacturing,Large,UAE,43
M2290,No,Mid-Market,West,Retail,Small,Germany,82
M2291,No,Enterprise,South,Tech,Large,USA,79
M2292,No,Enterprise,East,Healthcare,Small,USA,84
M2293,No,Mid-Market,West,Healthcare,Large,USA,46
M2294,No,Mid-Market,North,Retail,Medium,UK,33
M2295,No,Enterprise,East,Healthcare,Small,Germany,93
M2296,No,Mid-Market,East,Manufacturing,Medium,Germany,83
M2297,No,Mid-Market,East,Healthcare,Small,India,75
M2298,No,Mid-Market,East,Finance,Large,UAE,33
M2299,No,Mid-Market,East,Manufacturing,Medium,Germany,87
M2300,No,Mid-Market,East,Manufacturing,Large,UAE,77
M2301,No,SMB,West,Tech,Small,USA,89
M2302,No,Enterprise,South,Retail,Large,UAE,92
M2303,No,SMB,North,Healthcare,Large,India,50
M2304,No,SMB,South,Retail,Medium,USA,12
M2305,No,Enterprise,North,Retail,Large,UK,67
M2306,No,Enterprise,West,Retail,Medium,USA,69
M2307,No,Enterprise,West,Finance,Large,USA,86
M2308,No,SMB,West,Healthcare,Medium,India,45
M2309,No,Enterprise,West,Retail,Large,UK,44
M2310,No,Enterprise,West,Retail,Large,UK,2
M2311,No,Enterprise,West,Retail,Large,USA,61
M2312,No,Enterprise,North,Healthcare,Medium,UK,8
M2313,No,Enterprise,North,Retail,Medium,UAE,7
M2314,No,SMB,West,Tech,Small,USA,63
M2315,No,Mid-Market,South,Tech,Medium,Germany,10
M2316,No,Mid-Market,North,Healthcare,Large,India,27
M2317,No,Mid-Market,East,Manufacturing,Medium,Germany,36
M2318,No,Enterprise,West,Healthcare,Medium,UAE,81
M2319,No,SMB,West,Healthcare,Medium,Germany,99
M2320,No,SMB,West,Retail,Large,UAE,23
M2321,No,Enterprise,South,Finance,Medium,Germany,65
M2322,No,SMB,South,Healthcare,Medium,India,74
M2323,No,Enterprise,North,Finance,Large,India,28
M2324,No,Enterprise,West,Healthcare,Medium,Germany,34
M2325,No,SMB,East,Healthcare,Small,UAE,17
M2326,No,SMB,South,Manufacturing,Medium,UAE,67
M2327,No,Enterprise,North,Tech,Medium,USA,51
M2328,No,Enterprise,South,Retail,Large,USA,71
M2329,No,Enterprise,North,Finance,Small,USA,79
M2330,No,Enterprise,West,Manufacturing,Large,Germany,86
M2331,No,Enterprise,South,Retail,Small,India,17
M2332,No,SMB,South,Retail,Medium,UK,32
M2333,No,Mid-Market,North,Healthcare,Medium,Germany,94
M2334,No,SMB,North,Tech,Large,UAE,28
M2335,No,Mid-Market,West,Tech,Small,Germany,69
M2336,No,SMB,East,Finance,Small,Germany,6
M2337,No,Enterprise,South,Tech,Small,Germany,76
M2338,No,SMB,West,Manufacturing,Large,UK,85
M2339,No,SMB,West,Finance,Medium,UAE,83
M2340,No,Enterprise,South,Healthcare,Medium,USA,27
M2341,No,Mid-Market,West,Finance,Small,India,21
M2342,No,Mid-Market,North,Tech,Medium,USA,66
M2343,No,Enterprise,West,Retail,Medium,India,12
M2344,No,SMB,East,Healthcare,Small,Germany,50
M2345,No,SMB,East,Finance,Large,Germany,45
M2346,No,Mid-Market,East,Finance,Medium,Germany,50
M2347,No,Mid-Market,North,Manufacturing,Medium,UAE,65
M2348,No,Enterprise,South,Tech,Large,UK,84
M2349,No,SMB,East,Healthcare,Medium,UAE,25
M2350,No,SMB,West,Retail,Small,UK,90
M2351,No,Enterprise,North,Retail,Large,India,64
M2352,No,Enterprise,East,Manufacturing,Large,USA,40
M2353,No,Mid-Market,South,Finance,Large,UK,78
M2354,No,Mid-Market,South,Retail,Medium,USA,42
M2355,No,Mid-Market,West,Manufacturing,Large,UAE,64
M2356,No,Mid-Market,West,Healthcare,Medium,India,67
M2357,No,Enterprise,South,Retail,Small,Germany,55
M2358,No,Mid-Market,South,Retail,Large,UK,94
M2359,No,Mid-Market,West,Healthcare,Large,Germany,14
M2360,No,Enterprise,South,Manufacturing,Large,UAE,39
M2361,No,Enterprise,North,Manufacturing,Medium,USA,35
M2362,No,SMB,South,Finance,Small,USA,32
M2363,No,Enterprise,North,Tech,Medium,UAE,88
M2364,No,Enterprise,East,Manufacturing,Medium,India,27
M2365,No,SMB,South,Finance,Medium,Germany,31
M2366,No,Enterprise,North,Retail,Small,India,29
M2367,No,Mid-Market,South,Retail,Large,UK,18
M2368,No,SMB,East,Finance,Large,USA,38
M2369,No,Mid-Market,North,Retail,Small,UK,29
M2370,No,Mid-Market,North,Healthcare,Large,India,97
M2371,No,SMB,North,Finance,Large,UK,4
M2372,No,Mid-Market,East,Finance,Large,India,17
M2373,No,Mid-Market,South,Tech,Medium,UAE,47
M2374,No,SMB,South,Healthcare,Small,UK,13
M2375,No,Mid-Market,West,Finance,Small,UK,26
M2376,No,Enterprise,East,Retail,Large,Germany,85
M2377,No,Enterprise,West,Retail,Medium,Germany,96
M2378,No,Enterprise,West,Manufacturing,Small,USA,65
M2379,No,Enterprise,East,Retail,Small,India,58
M2380,No,Mid-Market,North,Tech,Small,USA,26
M2381,No,Enterprise,South,Manufacturing,Medium,India,37
M2382,No,SMB,East,Retail,Large,USA,66
M2383,No,Enterprise,North,Retail,Medium,USA,56
M2384,No,Enterprise,East,Tech,Small,UAE,59
M2385,No,Enterprise,West,Retail,Large,Germany,34
M2386,No,Enterprise,North,Healthcare,Medium,India,13
M2387,No,Enterprise,West,Tech,Small,UAE,67
M2388,No,SMB,East,Healthcare,Large,UK,74
M2389,No,Mid-Market,West,Finance,Medium,UAE,74
M2390,No,Enterprise,South,Manufacturing,Small,Germany,69
M2391,No,Enterprise,West,Manufacturing,Large,USA,74
M2392,No,Mid-Market,South,Tech,Large,Germany,72
M2393,No,Enterprise,East,Manufacturing,Medium,India,91
M2394,No,SMB,East,Manufacturing,Medium,India,78
M2395,No,SMB,South,Retail,Medium,USA,20
M2396,No,Enterprise,East,Healthcare,Medium,UAE,51
M2397,No,SMB,South,Finance,Large,Germany,10
M2398,No,SMB,South,Finance,Medium,USA,89
M2399,No,SMB,South,Healthcare,Large,India,7
M2400,No,Enterprise,East,Manufacturing,Medium,USA,8
M2401,No,Enterprise,South,Manufacturing,Small,UAE,26
M2402,No,Enterprise,West,Retail,Small,Germany,29
M2403,No,Enterprise,South,Retail,Medium,UAE,83
M2404,No,SMB,South,Finance,Large,UAE,92
M2405,No,Enterprise,East,Tech,Medium,USA,65
M2406,No,Enterprise,South,Retail,Small,UK,93
M2407,No,Mid-Market,East,Healthcare,Medium,UK,76
M2408,No,Mid-Market,North,Manufacturing,Small,India,12
M2409,No,SMB,North,Retail,Small,UAE,40
M2410,No,SMB,North,Healthcare,Small,UK,66
M2411,No,Mid-Market,South,Tech,Large,USA,95
M2412,No,Mid-Market,North,Manufacturing,Large,UAE,71
M2413,No,Mid-Market,North,Finance,Medium,USA,95
M2414,No,Mid-Market,West,Tech,Small,USA,8
M2415,No,Mid-Market,South,Tech,Medium,USA,58
M2416,No,SMB,East,Finance,Medium,UK,45
M2417,No,Mid-Market,North,Healthcare,Small,India,78
M2418,No,SMB,North,Retail,Medium,India,81
M2419,No,Mid-Market,East,Finance,Medium,UK,2
M2420,No,Enterprise,East,Healthcare,Large,UAE,39
M2421,No,SMB,West,Finance,Small,UAE,96
M2422,No,Enterprise,North,Retail,Large,Germany,74
M2423,No,SMB,East,Finance,Medium,UK,63
M2424,No,Mid-Market,North,Tech,Small,UAE,1
M2425,No,SMB,West,Manufacturing,Medium,Germany,86
M2426,No,SMB,West,Tech,Small,USA,97
M2427,No,Mid-Market,West,Healthcare,Large,Germany,66
M2428,No,Mid-Market,West,Manufacturing,Small,UK,93
M2429,No,SMB,West,Manufacturing,Small,UAE,94
M2430,No,SMB,East,Tech,Medium,Germany,78
M2431,No,Enterprise,East,Manufacturing,Medium,Germany,33
M2432,No,Mid-Market,East,Finance,Small,UAE,87
M2433,No,SMB,East,Retail,Small,UK,96
M2434,No,Enterprise,West,Retail,Medium,Germany,74
M2435,No,SMB,North,Manufacturing,Medium,UAE,12
M2436,No,Mid-Market,West,Finance,Large,USA,58
M2437,No,Enterprise,North,Healthcare,Medium,Germany,50
M2438,No,Mid-Market,South,Retail,Medium,UK,96
M2439,No,SMB,West,Retail,Small,USA,25
M2440,No,SMB,North,Retail,Medium,Germany,68
M2441,No,SMB,East,Healthcare,Large,Germany,53
M2442,No,SMB,East,Finance,Medium,USA,86
M2443,No,Enterprise,South,Manufacturing,Small,USA,83
M2444,No,Mid-Market,South,Retail,Large,UK,69
M2445,No,Mid-Market,North,Finance,Medium,UK,13
M2446,No,SMB,West,Healthcare,Medium,USA,53
M2447,No,Mid-Market,West,Retail,Medium,Germany,73
M2448,No,Enterprise,West,Retail,Medium,India,77
M2449,No,Enterprise,West,Manufacturing,Large,UK,7
M2450,No,SMB,West,Healthcare,Small,India,20
M2451,No,SMB,East,Tech,Large,USA,86
M2452,No,Enterprise,North,Manufacturing,Large,UAE,71
M2453,No,Enterprise,West,Retail,Medium,India,8
M2454,No,Enterprise,South,Manufacturing,Medium,UK,27
M2455,No,Mid-Market,East,Finance,Large,UK,71
M2456,No,Mid-Market,East,Tech,Small,USA,80
M2457,No,SMB,North,Manufacturing,Large,USA,41
M2458,No,Mid-Market,East,Finance,Large,India,46
M2459,No,Mid-Market,East,Finance,Medium,India,92
M2460,No,Enterprise,East,Finance,Small,India,92
M2461,No,Enterprise,North,Tech,Medium,India,19
M2462,No,Mid-Market,West,Healthcare,Medium,USA,96
M2463,No,SMB,South,Manufacturing,Small,USA,71
M2464,No,Enterprise,South,Finance,Medium,UK,73
M2465,No,SMB,South,Manufacturing,Small,Germany,24
M2466,No,SMB,South,Manufacturing,Medium,Germany,98
M2467,No,SMB,South,Manufacturing,Medium,UAE,12
M2468,No,SMB,East,Retail,Large,India,86
M2469,No,Enterprise,South,Healthcare,Large,UK,77
M2470,No,Mid-Market,West,Tech,Large,Germany,95
M2471,No,Mid-Market,East,Tech,Small,UK,41
M2472,No,Mid-Market,East,Tech,Large,UK,60
M2473,No,Enterprise,West,Retail,Large,UAE,77
M2474,No,Mid-Market,West,Retail,Medium,UK,42
M2475,No,SMB,South,Healthcare,Large,India,56
M2476,No,Mid-Market,North,Healthcare,Large,UK,87
M2477,No,Enterprise,West,Manufacturing,Small,USA,30
M2478,No,SMB,South,Finance,Medium,India,88
M2479,No,Enterprise,North,Manufacturing,Medium,Germany,42
M2480,No,Enterprise,West,Retail,Large,UAE,52
M2481,No,Enterprise,East,Retail,Small,USA,56
M2482,No,Enterprise,West,Healthcare,Medium,India,98
M2483,No,Enterprise,West,Retail,Large,Germany,3
M2484,No,Mid-Market,East,Manufacturing,Medium,UK,6
M2485,No,Mid-Market,North,Healthcare,Medium,India,60
M2486,No,SMB,North,Tech,Small,Germany,97
M2487,No,Enterprise,South,Retail,Small,India,100
M2488,No,Enterprise,North,Healthcare,Medium,UAE,48
M2489,No,Mid-Market,East,Retail,Medium,India,24
M2490,No,Enterprise,South,Finance,Medium,UAE,7
M2491,No,SMB,West,Healthcare,Large,USA,53
M2492,No,SMB,East,Tech,Medium,UAE,30
M2493,No,Enterprise,South,Retail,Large,Germany,24
M2494,No,SMB,South,Manufacturing,Large,India,57
M2495,No,Enterprise,West,Finance,Medium,UK,60
M2496,No,Mid-Market,North,Healthcare,Medium,UK,52
M2497,No,SMB,East,Healthcare,Medium,UAE,63
M2498,No,SMB,South,Retail,Small,Germany,73
M2499,No,Mid-Market,North,Healthcare,Medium,UK,67
M2500,No,Mid-Market,East,Healthcare,Medium,India,26
