billing_id,customer_id,bill_date,revenue_amount
B000001,C0001,2025-12-22,9446
B000002,C0001,2025-07-24,1330
B000003,C0001,2024-03-25,10751
B000004,C0001,2025-05-20,3791
B000005,C0002,2024-10-17,14973
B000006,C0002,2025-09-06,10223
B000007,C0002,2025-12-04,14547
B000008,C0002,2024-08-19,18150
B000009,C0002,2025-02-21,9522
B000010,C0003,2024-07-12,2280
B000011,C0003,2025-05-02,12040
B000012,C0003,2024-07-02,418
B000013,C0003,2025-11-21,16110
B000014,C0003,2025-11-19,3446
B000015,C0004,2025-03-24,17126
B000016,C0004,2025-11-05,2785
B000017,C0004,2024-05-02,4697
B000018,C0004,2025-02-08,13127
B000019,C0004,2025-12-12,19351
B000020,C0005,2024-06-21,2120
B000021,C0005,2025-01-07,6523
B000022,C0006,2024-07-24,19495
B000023,C0006,2025-02-17,4022
B000024,C0006,2024-08-26,13916
B000025,C0006,2025-05-26,9126
B000026,C0007,2025-08-30,8944
B000027,C0007,2025-10-21,13114
B000028,C0007,2024-12-30,15591
B000029,C0007,2025-11-13,19764
B000030,C0007,2025-02-18,15877
B000031,C0007,2025-06-07,9138
B000032,C0008,2025-04-10,3540
B000033,C0008,2024-05-05,8214
B000034,C0008,2025-05-16,16294
B000035,C0009,2025-10-05,4410
B000036,C0009,2024-01-31,3263
B000037,C0009,2024-02-24,2235
B000038,C0010,2025-11-25,876
B000039,C0010,2024-07-02,12538
B000040,C0010,2025-09-11,10713
B000041,C0010,2024-06-05,9920
B000042,C0010,2025-09-28,3156
B000043,C0011,2025-11-07,17037
B000044,C0011,2025-05-19,15270
B000045,C0012,2024-10-27,16315
B000046,C0012,2025-05-17,16541
B000047,C0012,2024-09-24,17774
B000048,C0013,2025-07-07,17911
B000049,C0013,2024-01-19,1035
B000050,C0013,2025-03-16,3903
B000051,C0013,2025-01-27,14749
B000052,C0014,2025-01-20,14501
B000053,C0014,2025-04-15,1179
B000054,C0014,2024-02-03,5795
B000055,C0014,2025-07-24,9930
B000056,C0015,2025-05-18,14112
B000057,C0015,2024-05-17,10238
B000058,C0015,2025-02-02,15972
B000059,C0016,2025-08-05,16074
B000060,C0016,2025-11-06,18146
B000061,C0017,2025-08-08,15395
B000062,C0017,2025-05-02,18423
B000063,C0017,2024-06-09,16603
B000064,C0017,2024-02-27,12824
B000065,C0017,2024-09-26,16210
B000066,C0017,2025-08-28,12379
B000067,C0018,2025-11-23,11559
B000068,C0018,2024-10-18,10501
B000069,C0018,2024-03-03,922
B000070,C0018,2025-08-27,1478
B000071,C0018,2024-05-11,12006
B000072,C0018,2024-12-23,19135
B000073,C0019,2025-10-02,11182
B000074,C0019,2025-01-24,3189
B000075,C0020,2024-12-19,11710
B000076,C0020,2025-02-25,11510
B000077,C0020,2024-02-27,8002
B000078,C0020,2024-09-10,7688
B000079,C0020,2025-10-25,10226
B000080,C0021,2024-03-27,2146
B000081,C0021,2024-11-08,3750
B000082,C0021,2024-12-11,5563
B000083,C0021,2024-01-21,17642
B000084,C0021,2024-11-29,1224
B000085,C0021,2025-04-16,13843
B000086,C0022,2025-06-11,13800
B000087,C0022,2024-09-30,668
B000088,C0022,2025-12-13,15391
B000089,C0022,2025-08-25,728
B000090,C0022,2024-11-20,12377
B000091,C0022,2025-08-07,12789
B000092,C0023,2025-08-09,3202
B000093,C0023,2025-05-15,3278
B000094,C0023,2025-12-08,6747
B000095,C0023,2024-12-10,16276
B000096,C0024,2025-11-14,11126
B000097,C0024,2024-06-19,9814
B000098,C0024,2025-01-07,14286
B000099,C0024,2024-07-25,16284
B000100,C0024,2025-10-12,2468
B000101,C0024,2025-07-02,7014
B000102,C0025,2024-09-28,1557
B000103,C0025,2024-10-31,18793
B000104,C0025,2025-02-15,7401
B000105,C0025,2025-10-01,3013
B000106,C0026,2024-04-07,19394
B000107,C0026,2024-12-10,8957
B000108,C0026,2024-03-09,18560
B000109,C0026,2025-06-27,15573
B000110,C0026,2025-03-13,6872
B000111,C0026,2024-12-21,2512
B000112,C0027,2025-05-31,9827
B000113,C0027,2025-03-19,17693
B000114,C0027,2024-11-16,6556
B000115,C0027,2025-02-28,13182
B000116,C0028,2025-10-01,16887
B000117,C0028,2025-04-09,17942
B000118,C0028,2024-07-03,609
B000119,C0028,2025-10-04,16915
B000120,C0029,2025-08-13,16357
B000121,C0029,2024-08-06,15312
B000122,C0029,2024-10-01,17456
B000123,C0030,2025-03-20,18550
B000124,C0030,2025-10-03,1962
B000125,C0030,2025-06-18,6574
B000126,C0030,2025-01-08,15154
B000127,C0030,2024-05-31,7876
B000128,C0030,2024-06-03,9839
B000129,C0031,2025-02-24,10441
B000130,C0031,2024-03-06,6670
B000131,C0031,2025-02-26,8746
B000132,C0031,2024-10-20,5262
B000133,C0031,2024-09-19,19701
B000134,C0032,2025-02-19,7814
B000135,C0032,2024-04-26,4913
B000136,C0032,2024-07-15,907
B000137,C0033,2024-11-13,15209
B000138,C0033,2025-05-12,18344
B000139,C0033,2025-03-22,13828
B000140,C0034,2024-07-25,5221
B000141,C0034,2024-10-06,4470
B000142,C0035,2024-09-21,9102
B000143,C0035,2025-11-05,18045
B000144,C0036,2025-10-21,1383
B000145,C0036,2025-05-12,652
B000146,C0036,2024-02-26,2750
B000147,C0037,2025-09-08,9764
B000148,C0037,2024-03-06,13336
B000149,C0037,2025-01-07,2959
B000150,C0037,2025-02-10,4605
B000151,C0038,2024-04-24,18709
B000152,C0038,2025-05-27,3953
B000153,C0038,2025-06-18,19019
B000154,C0039,2024-09-14,16267
B000155,C0039,2024-04-02,7801
B000156,C0039,2025-09-06,4006
B000157,C0039,2024-11-16,10790
B000158,C0039,2025-08-21,12777
B000159,C0039,2024-08-29,13856
B000160,C0040,2024-05-27,3500
B000161,C0040,2024-06-28,7015
B000162,C0040,2024-10-08,14400
B000163,C0041,2024-09-17,19316
B000164,C0041,2024-02-27,16068
B000165,C0041,2025-06-30,12278
B000166,C0041,2025-12-17,3701
B000167,C0041,2024-11-20,17882
B000168,C0042,2025-05-01,8072
B000169,C0042,2024-10-11,4748
B000170,C0042,2025-01-06,15572
B000171,C0042,2025-01-11,10098
B000172,C0042,2024-01-22,19851
B000173,C0043,2025-11-09,1791
B000174,C0043,2025-12-08,7853
B000175,C0044,2025-07-19,12605
B000176,C0044,2024-11-12,11890
B000177,C0044,2025-12-02,3999
B000178,C0044,2025-07-01,7745
B000179,C0045,2025-02-01,257
B000180,C0045,2025-02-06,8373
B000181,C0045,2024-11-04,2957
B000182,C0045,2024-08-29,9745
B000183,C0045,2024-08-03,5250
B000184,C0046,2025-10-08,10393
B000185,C0046,2025-10-21,13313
B000186,C0046,2024-02-04,8979
B000187,C0046,2024-03-23,16111
B000188,C0046,2025-04-27,13531
B000189,C0047,2025-03-08,3289
B000190,C0047,2024-06-13,8551
B000191,C0047,2025-06-02,2174
B000192,C0047,2024-12-26,13791
B000193,C0048,2025-07-14,10707
B000194,C0048,2025-04-09,896
B000195,C0048,2024-02-23,6020
B000196,C0048,2025-10-07,14529
B000197,C0048,2025-10-18,4459
B000198,C0048,2024-01-04,13128
B000199,C0049,2025-10-05,10012
B000200,C0049,2024-11-17,18868
B000201,C0049,2024-03-25,3631
B000202,C0050,2024-09-12,16920
B000203,C0050,2025-12-31,4262
B000204,C0050,2025-08-31,13445
B000205,C0051,2025-04-07,15675
B000206,C0051,2024-05-16,8541
B000207,C0051,2024-06-26,19432
B000208,C0051,2024-12-01,9233
B000209,C0052,2024-03-27,13582
B000210,C0052,2025-01-11,5960
B000211,C0052,2025-02-06,12364
B000212,C0053,2024-08-17,679
B000213,C0053,2024-01-24,18301
B000214,C0053,2025-10-24,7494
B000215,C0053,2024-04-01,15152
B000216,C0053,2024-07-22,8578
B000217,C0053,2025-12-19,5529
B000218,C0054,2025-02-14,14054
B000219,C0054,2025-09-06,8524
B000220,C0055,2024-04-01,12056
B000221,C0055,2024-06-23,18587
B000222,C0055,2024-04-30,462
B000223,C0056,2025-03-21,14867
B000224,C0056,2025-11-20,16192
B000225,C0056,2024-05-01,7355
B000226,C0056,2025-12-31,6656
B000227,C0056,2024-07-14,8722
B000228,C0056,2024-10-21,16192
B000229,C0057,2024-05-13,14133
B000230,C0057,2024-07-30,19663
B000231,C0057,2024-08-08,9272
B000232,C0057,2025-11-24,6205
B000233,C0057,2025-03-04,5910
B000234,C0058,2024-05-29,942
B000235,C0058,2024-10-24,8578
B000236,C0058,2024-08-29,14777
B000237,C0058,2024-09-11,12112
B000238,C0058,2025-08-19,15013
B000239,C0059,2024-01-11,15364
B000240,C0059,2024-05-16,10592
B000241,C0060,2025-12-04,6953
B000242,C0060,2025-12-31,12566
B000243,C0060,2025-12-26,13870
B000244,C0060,2025-09-03,8396
B000245,C0060,2024-03-15,3122
B000246,C0061,2024-03-01,1707
B000247,C0061,2024-12-06,7695
B000248,C0061,2025-04-27,11609
B000249,C0061,2025-09-12,19602
B000250,C0061,2025-12-27,1491
B000251,C0061,2024-01-06,8311
B000252,C0062,2025-09-26,12482
B000253,C0062,2024-11-05,12933
B000254,C0062,2025-11-18,12153
B000255,C0062,2024-05-15,18335
B000256,C0062,2024-02-12,19021
B000257,C0062,2024-07-02,8529
B000258,C0063,2025-05-30,16149
B000259,C0063,2024-12-13,15338
B000260,C0063,2024-05-15,2937
B000261,C0064,2025-12-28,17380
B000262,C0064,2025-03-19,4646
B000263,C0064,2024-09-23,3828
B000264,C0064,2024-11-16,1447
B000265,C0065,2025-05-26,9207
B000266,C0065,2025-01-04,14093
B000267,C0065,2024-10-16,8625
B000268,C0066,2024-09-27,16940
B000269,C0066,2024-11-16,14279
B000270,C0066,2024-06-17,10339
B000271,C0066,2025-05-18,4956
B000272,C0066,2025-07-23,14417
B000273,C0066,2024-02-24,6190
B000274,C0067,2024-02-25,7532
B000275,C0067,2024-07-06,1175
B000276,C0067,2025-04-26,8527
B000277,C0068,2025-12-23,15307
B000278,C0068,2025-03-22,3801
B000279,C0068,2025-05-21,1336
B000280,C0069,2024-12-31,18378
B000281,C0069,2025-05-11,14999
B000282,C0069,2025-05-19,3686
B000283,C0069,2024-05-31,4051
B000284,C0069,2024-12-23,3066
B000285,C0070,2024-10-17,5919
B000286,C0070,2024-06-21,16670
B000287,C0070,2024-10-06,18456
B000288,C0071,2024-08-05,19121
B000289,C0071,2024-01-05,17236
B000290,C0071,2025-08-07,5916
B000291,C0071,2025-03-02,2517
B000292,C0071,2024-09-09,16322
B000293,C0071,2025-11-24,3090
B000294,C0072,2024-01-27,9315
B000295,C0072,2025-11-28,3997
B000296,C0072,2025-02-07,12240
B000297,C0072,2025-08-27,3475
B000298,C0073,2024-06-06,946
B000299,C0073,2024-03-24,15080
B000300,C0073,2025-12-25,15723
B000301,C0073,2025-04-09,8825
B000302,C0074,2025-11-04,190
B000303,C0074,2024-12-03,1436
B000304,C0074,2025-11-02,14847
B000305,C0074,2024-11-28,18650
B000306,C0074,2024-05-12,6926
B000307,C0074,2024-02-19,9271
B000308,C0075,2024-02-26,2317
B000309,C0075,2025-07-14,19735
B000310,C0075,2025-01-25,3032
B000311,C0075,2025-02-12,8361
B000312,C0076,2024-09-02,13071
B000313,C0076,2024-04-01,672
B000314,C0076,2024-08-01,5339
B000315,C0077,2025-02-16,9336
B000316,C0077,2025-10-24,5050
B000317,C0077,2024-05-03,9782
B000318,C0077,2025-05-17,14167
B000319,C0077,2024-11-13,19775
B000320,C0078,2025-01-02,3149
B000321,C0078,2025-01-11,16798
B000322,C0078,2024-07-23,16043
B000323,C0079,2025-02-01,15611
B000324,C0079,2024-10-01,18450
B000325,C0079,2025-09-06,13863
B000326,C0079,2024-04-02,13845
B000327,C0079,2025-01-12,6106
B000328,C0080,2025-10-07,13959
B000329,C0080,2024-04-05,1325
B000330,C0080,2025-06-09,11198
B000331,C0080,2025-04-19,7347
B000332,C0080,2025-10-25,5081
B000333,C0081,2025-06-23,17192
B000334,C0081,2024-03-26,9525
B000335,C0081,2025-04-24,14331
B000336,C0081,2024-03-22,15650
B000337,C0081,2024-11-03,4869
B000338,C0082,2025-12-01,9843
B000339,C0082,2024-09-11,17140
B000340,C0082,2025-03-13,9682
B000341,C0083,2024-02-18,18054
B000342,C0083,2024-03-19,1477
B000343,C0083,2025-06-09,3526
B000344,C0083,2025-06-06,13923
B000345,C0083,2025-02-26,3096
B000346,C0083,2025-04-20,18627
B000347,C0084,2024-12-29,8351
B000348,C0084,2025-08-22,2679
B000349,C0084,2025-05-30,533
B000350,C0084,2024-04-26,15167
B000351,C0085,2024-07-05,12876
B000352,C0085,2024-02-16,2729
B000353,C0085,2025-03-02,9753
B000354,C0086,2025-08-24,14909
B000355,C0086,2025-11-17,14743
B000356,C0086,2025-09-30,8685
B000357,C0086,2024-12-15,6133
B000358,C0087,2024-07-08,2563
B000359,C0087,2025-09-10,8497
B000360,C0087,2025-11-20,3484
B000361,C0088,2025-07-01,587
B000362,C0088,2024-01-06,12941
B000363,C0088,2024-04-29,435
B000364,C0088,2024-06-24,15634
B000365,C0088,2025-04-16,13274
B000366,C0089,2025-05-13,9922
B000367,C0089,2025-09-25,11820
B000368,C0089,2025-12-08,12943
B000369,C0089,2024-11-05,2871
B000370,C0089,2024-05-08,4427
B000371,C0089,2024-01-15,6252
B000372,C0090,2024-01-17,6167
B000373,C0090,2024-01-28,6856
B000374,C0091,2025-10-26,4756
B000375,C0091,2025-10-27,7922
B000376,C0091,2025-03-22,17648
B000377,C0091,2024-07-14,2821
B000378,C0091,2024-11-04,15185
B000379,C0092,2025-04-30,13824
B000380,C0092,2024-01-23,3816
B000381,C0092,2024-06-19,4994
B000382,C0093,2025-05-11,15449
B000383,C0093,2024-01-21,14729
B000384,C0093,2025-08-22,7950
B000385,C0093,2024-07-25,9661
B000386,C0093,2025-08-06,12836
B000387,C0094,2024-12-07,258
B000388,C0094,2024-04-15,14148
B000389,C0095,2025-05-22,18961
B000390,C0095,2025-09-02,18163
B000391,C0095,2024-10-24,1212
B000392,C0095,2025-05-14,13096
B000393,C0095,2025-05-12,16821
B000394,C0096,2025-09-18,15987
B000395,C0096,2024-08-25,1989
B000396,C0096,2025-06-24,623
B000397,C0096,2025-03-08,18887
B000398,C0096,2024-11-19,18129
B000399,C0096,2024-03-06,8776
B000400,C0097,2025-04-29,3831
B000401,C0097,2025-05-21,11362
B000402,C0097,2025-04-04,14294
B000403,C0097,2024-01-22,5286
B000404,C0097,2024-10-21,6298
B000405,C0098,2024-12-18,14356
B000406,C0098,2024-08-25,16634
B000407,C0098,2024-08-12,19256
B000408,C0098,2025-12-02,11113
B000409,C0098,2025-09-08,15350
B000410,C0099,2024-10-27,12791
B000411,C0099,2025-03-02,11804
B000412,C0099,2025-04-28,5309
B000413,C0100,2024-07-31,9255
B000414,C0100,2025-12-08,2824
B000415,C0100,2025-11-14,15823
B000416,C0100,2024-05-12,5678
B000417,C0100,2024-07-23,5122
B000418,C0100,2025-09-12,16127
B000419,C0101,2025-03-01,16178
B000420,C0101,2024-11-06,7691
B000421,C0102,2025-07-24,1541
B000422,C0102,2024-01-19,11756
B000423,C0102,2024-09-24,11699
B000424,C0103,2024-06-27,16497
B000425,C0103,2024-02-02,2086
B000426,C0103,2024-12-11,14110
B000427,C0104,2025-09-24,7428
B000428,C0104,2024-05-03,18415
B000429,C0105,2025-05-13,8448
B000430,C0105,2024-12-14,11640
B000431,C0105,2024-02-17,18252
B000432,C0106,2024-06-03,16888
B000433,C0106,2025-09-10,3412
B000434,C0106,2025-12-24,1652
B000435,C0106,2025-03-24,14979
B000436,C0107,2024-04-18,19977
B000437,C0107,2024-04-14,18431
B000438,C0108,2025-06-03,3454
B000439,C0108,2024-06-20,3868
B000440,C0109,2025-01-05,5145
B000441,C0109,2024-10-26,14467
B000442,C0109,2025-06-02,16331
B000443,C0110,2024-06-06,11918
B000444,C0110,2024-12-08,4514
B000445,C0111,2024-07-25,14388
B000446,C0111,2025-03-01,215
B000447,C0112,2025-04-30,11184
B000448,C0112,2024-10-20,16548
B000449,C0112,2024-06-24,2792
B000450,C0113,2025-01-16,13599
B000451,C0113,2025-01-04,8042
B000452,C0113,2024-06-04,17355
B000453,C0113,2025-03-07,7477
B000454,C0114,2025-03-15,13546
B000455,C0114,2025-02-23,15032
B000456,C0114,2025-06-12,11854
B000457,C0115,2025-03-29,4770
B000458,C0115,2024-01-11,16952
B000459,C0116,2024-03-27,11085
B000460,C0116,2024-11-18,13161
B000461,C0117,2025-03-20,2014
B000462,C0117,2025-02-06,1215
B000463,C0117,2025-11-07,4946
B000464,C0118,2024-02-29,17032
B000465,C0118,2024-10-29,13739
B000466,C0118,2025-02-15,18140
B000467,C0118,2024-11-07,10279
B000468,C0118,2024-12-18,258
B000469,C0118,2024-10-13,17294
B000470,C0119,2024-05-30,13236
B000471,C0119,2025-04-01,6721
B000472,C0119,2025-07-11,14488
B000473,C0119,2025-12-15,11313
B000474,C0119,2025-10-26,13254
B000475,C0119,2024-07-21,9880
B000476,C0120,2024-02-07,17610
B000477,C0120,2024-12-08,12779
B000478,C0121,2025-06-16,17720
B000479,C0121,2024-10-17,7003
B000480,C0121,2024-04-05,16766
B000481,C0122,2024-11-15,17083
B000482,C0122,2024-12-14,5243
B000483,C0122,2024-01-24,913
B000484,C0122,2025-07-06,19415
B000485,C0122,2024-09-21,7908
B000486,C0122,2024-11-07,13852
B000487,C0123,2024-04-23,1964
B000488,C0123,2025-01-16,8511
B000489,C0123,2025-10-04,16629
B000490,C0123,2024-12-28,4057
B000491,C0123,2024-02-18,4087
B000492,C0123,2025-04-04,9763
B000493,C0124,2024-01-06,14848
B000494,C0124,2024-12-13,7736
B000495,C0124,2025-08-18,18533
B000496,C0124,2025-10-04,17474
B000497,C0124,2025-09-01,7662
B000498,C0124,2024-12-24,9804
B000499,C0125,2025-11-13,18768
B000500,C0125,2025-11-19,4586
B000501,C0125,2025-01-21,17028
B000502,C0125,2024-09-10,3448
B000503,C0126,2025-06-12,19083
B000504,C0126,2024-07-16,11838
B000505,C0126,2025-04-10,3210
B000506,C0126,2024-05-30,13949
B000507,C0127,2024-03-24,3022
B000508,C0127,2024-03-04,13922
B000509,C0127,2024-05-13,15605
B000510,C0127,2024-08-07,14619
B000511,C0127,2024-03-20,12101
B000512,C0128,2025-02-16,19275
B000513,C0128,2025-07-26,17004
B000514,C0128,2025-02-08,8640
B000515,C0128,2025-08-21,16345
B000516,C0128,2025-10-13,13874
B000517,C0128,2025-03-26,16041
B000518,C0129,2024-06-15,4729
B000519,C0129,2025-06-01,4165
B000520,C0129,2025-05-11,14998
B000521,C0129,2024-05-12,16816
B000522,C0129,2025-06-25,3868
B000523,C0130,2025-04-11,15510
B000524,C0130,2024-02-03,5139
B000525,C0130,2025-07-26,12102
B000526,C0131,2025-09-08,13389
B000527,C0131,2024-04-22,3960
B000528,C0132,2025-08-08,9489
B000529,C0132,2024-02-11,17130
B000530,C0132,2024-06-05,3858
B000531,C0132,2025-01-15,9991
B000532,C0133,2024-11-06,9633
B000533,C0133,2025-05-12,916
B000534,C0133,2024-05-26,4657
B000535,C0133,2025-08-26,13820
B000536,C0134,2024-11-08,9289
B000537,C0134,2024-08-08,5999
B000538,C0135,2024-01-03,4008
B000539,C0135,2025-07-14,11424
B000540,C0135,2024-03-10,1464
B000541,C0135,2025-03-03,15767
B000542,C0135,2025-08-09,10148
B000543,C0136,2025-04-08,11069
B000544,C0136,2025-01-21,15572
B000545,C0136,2025-09-12,4351
B000546,C0136,2024-05-21,16540
B000547,C0136,2025-10-13,15103
B000548,C0136,2025-04-05,14715
B000549,C0137,2024-11-29,2926
B000550,C0137,2025-10-01,13422
B000551,C0137,2025-01-31,7629
B000552,C0138,2024-12-13,17727
B000553,C0138,2024-02-16,14519
B000554,C0138,2024-10-11,2900
B000555,C0138,2024-06-18,812
B000556,C0138,2025-08-08,10120
B000557,C0139,2025-10-22,4056
B000558,C0139,2025-10-21,18328
B000559,C0139,2024-03-28,6305
B000560,C0139,2025-09-25,17754
B000561,C0139,2025-08-13,1732
B000562,C0139,2025-08-06,17096
B000563,C0140,2025-05-02,16470
B000564,C0140,2024-01-20,3941
B000565,C0140,2025-11-05,17427
B000566,C0141,2024-01-20,9009
B000567,C0141,2024-07-29,8037
B000568,C0141,2025-12-23,18990
B000569,C0142,2024-03-27,17483
B000570,C0142,2025-09-13,10499
B000571,C0142,2025-02-15,19296
B000572,C0142,2024-02-16,16104
B000573,C0142,2024-01-24,11139
B000574,C0143,2024-07-03,13596
B000575,C0143,2024-01-25,17298
B000576,C0143,2024-11-20,12517
B000577,C0143,2024-09-20,2982
B000578,C0143,2024-04-27,3254
B000579,C0144,2024-06-21,9350
B000580,C0144,2024-05-27,5985
B000581,C0144,2024-09-18,2936
B000582,C0144,2024-06-06,10053
B000583,C0144,2025-02-21,5544
B000584,C0144,2024-03-01,10659
B000585,C0145,2024-01-28,1916
B000586,C0145,2024-11-01,12777
B000587,C0145,2024-04-11,10487
B000588,C0146,2025-02-26,10623
B000589,C0146,2024-09-21,12304
B000590,C0146,2024-05-03,1699
B000591,C0147,2024-09-02,19562
B000592,C0147,2025-08-23,7749
B000593,C0147,2025-05-19,16666
B000594,C0148,2025-01-29,3770
B000595,C0148,2024-10-02,1986
B000596,C0148,2024-11-21,15231
B000597,C0148,2025-07-20,13339
B000598,C0148,2024-03-08,15865
B000599,C0148,2024-01-30,13352
B000600,C0149,2024-01-20,8819
B000601,C0149,2025-07-21,19207
B000602,C0149,2025-11-22,3326
B000603,C0150,2025-07-22,4114
B000604,C0150,2024-11-07,18620
B000605,C0150,2025-02-20,14613
B000606,C0151,2025-10-13,16398
B000607,C0151,2024-07-27,4665
B000608,C0152,2025-07-07,5511
B000609,C0152,2024-09-08,17613
B000610,C0152,2025-03-09,18191
B000611,C0152,2025-04-07,1369
B000612,C0153,2025-04-20,9478
B000613,C0153,2025-10-30,5484
B000614,C0154,2024-03-02,15800
B000615,C0154,2024-10-06,19590
B000616,C0155,2025-11-27,12456
B000617,C0155,2024-12-25,6971
B000618,C0155,2025-08-22,16722
B000619,C0155,2024-10-15,1490
B000620,C0156,2025-06-30,18451
B000621,C0156,2024-03-12,9851
B000622,C0156,2024-04-01,12953
B000623,C0157,2024-05-23,18234
B000624,C0157,2024-10-13,14154
B000625,C0158,2025-09-17,16541
B000626,C0158,2024-11-21,11227
B000627,C0158,2025-10-12,8564
B000628,C0159,2024-10-06,8058
B000629,C0159,2025-11-09,10539
B000630,C0159,2024-12-15,6901
B000631,C0159,2025-04-15,19644
B000632,C0159,2024-12-02,520
B000633,C0160,2025-10-23,67
B000634,C0160,2025-09-15,15614
B000635,C0160,2024-01-05,313
B000636,C0161,2025-02-27,18212
B000637,C0161,2025-12-14,16022
B000638,C0161,2025-02-06,17633
B000639,C0162,2025-10-26,2540
B000640,C0162,2025-07-05,1014
B000641,C0163,2025-11-19,4044
B000642,C0163,2024-12-27,12333
B000643,C0163,2025-09-07,11729
B000644,C0163,2025-01-31,5806
B000645,C0163,2025-12-14,276
B000646,C0164,2025-04-18,12139
B000647,C0164,2024-07-16,14567
B000648,C0165,2024-08-14,648
B000649,C0165,2024-10-14,11725
B000650,C0166,2024-04-02,9934
B000651,C0166,2024-08-14,7676
B000652,C0166,2025-05-20,11894
B000653,C0167,2024-10-14,16149
B000654,C0167,2025-12-21,19858
B000655,C0168,2024-01-08,6425
B000656,C0168,2025-10-15,12978
B000657,C0168,2024-04-23,9088
B000658,C0169,2025-05-27,16187
B000659,C0169,2024-06-23,18080
B000660,C0169,2024-07-17,18537
B000661,C0169,2025-11-19,19758
B000662,C0169,2025-08-01,5751
B000663,C0169,2024-03-07,19272
B000664,C0170,2024-03-07,4175
B000665,C0170,2024-09-22,18674
B000666,C0170,2024-08-21,17140
B000667,C0171,2024-07-15,757
B000668,C0171,2025-12-10,17463
B000669,C0171,2025-09-21,8287
B000670,C0171,2025-11-28,18353
B000671,C0172,2024-01-03,13995
B000672,C0172,2025-10-18,1699
B000673,C0172,2024-11-26,14173
B000674,C0172,2025-02-20,8979
B000675,C0172,2024-05-04,16983
B000676,C0173,2025-05-22,11844
B000677,C0173,2025-06-13,1424
B000678,C0173,2024-08-17,1538
B000679,C0173,2024-10-11,13764
B000680,C0173,2025-06-29,14708
B000681,C0174,2024-01-06,12840
B000682,C0174,2024-07-18,10967
B000683,C0174,2024-03-24,18737
B000684,C0174,2024-01-26,7393
B000685,C0175,2024-03-17,8191
B000686,C0175,2024-07-20,5389
B000687,C0175,2024-12-03,10184
B000688,C0175,2024-03-05,3169
B000689,C0175,2024-01-29,15727
B000690,C0176,2024-01-25,19416
B000691,C0176,2025-10-03,10954
B000692,C0176,2024-09-13,8098
B000693,C0176,2024-04-20,15518
B000694,C0176,2024-09-01,11167
B000695,C0177,2024-12-07,17028
B000696,C0177,2024-08-30,2389
B000697,C0178,2025-09-26,14369
B000698,C0178,2024-04-07,14629
B000699,C0178,2025-08-15,4090
B000700,C0178,2024-03-28,1988
B000701,C0178,2024-02-04,12366
B000702,C0178,2024-11-16,2130
B000703,C0179,2024-03-04,14480
B000704,C0179,2024-02-26,9878
B000705,C0179,2025-09-17,14150
B000706,C0180,2024-04-14,1828
B000707,C0180,2025-07-26,1710
B000708,C0181,2025-01-25,13162
B000709,C0181,2024-04-08,13471
B000710,C0181,2024-08-26,19646
B000711,C0181,2025-11-06,347
B000712,C0182,2025-01-28,15211
B000713,C0182,2025-03-14,3318
B000714,C0182,2024-12-13,851
B000715,C0182,2025-04-09,16948
B000716,C0182,2024-12-02,19261
B000717,C0183,2024-04-20,3364
B000718,C0183,2024-01-13,19502
B000719,C0183,2025-12-31,2213
B000720,C0184,2024-07-17,18783
B000721,C0184,2024-05-09,16675
B000722,C0184,2024-09-19,11645
B000723,C0184,2025-03-07,15774
B000724,C0184,2025-09-27,14569
B000725,C0184,2024-07-09,7967
B000726,C0185,2024-02-15,1982
B000727,C0185,2024-05-10,10212
B000728,C0185,2025-08-21,14281
B000729,C0186,2025-10-29,11722
B000730,C0186,2024-11-14,19125
B000731,C0186,2025-07-08,4771
B000732,C0186,2024-05-30,15385
B000733,C0186,2024-11-12,19769
B000734,C0186,2024-12-17,9537
B000735,C0187,2024-01-09,16963
B000736,C0187,2025-08-23,4738
B000737,C0187,2024-02-28,7778
B000738,C0187,2025-06-03,18332
B000739,C0188,2025-03-08,11266
B000740,C0188,2024-07-19,6565
B000741,C0189,2024-03-11,11191
B000742,C0189,2024-07-12,15588
B000743,C0189,2025-12-12,15315
B000744,C0190,2025-12-10,10850
B000745,C0190,2025-08-15,18549
B000746,C0190,2024-12-09,9818
B000747,C0190,2025-03-04,10768
B000748,C0190,2024-06-15,3435
B000749,C0190,2025-04-10,1382
B000750,C0191,2024-08-12,121
B000751,C0191,2025-10-16,7308
B000752,C0191,2025-12-10,7545
B000753,C0191,2025-04-22,6984
B000754,C0191,2024-09-01,15753
B000755,C0192,2025-01-19,6727
B000756,C0192,2025-02-13,6037
B000757,C0192,2024-01-07,11888
B000758,C0192,2024-01-11,2416
B000759,C0193,2024-01-31,18176
B000760,C0193,2024-04-27,4666
B000761,C0193,2024-10-24,14431
B000762,C0193,2024-07-18,19191
B000763,C0194,2024-02-14,972
B000764,C0194,2024-07-22,6482
B000765,C0194,2024-10-17,5706
B000766,C0194,2024-08-12,8585
B000767,C0195,2024-12-13,18170
B000768,C0195,2024-09-08,5850
B000769,C0195,2024-07-19,704
B000770,C0196,2024-09-25,3315
B000771,C0196,2024-01-22,4497
B000772,C0196,2025-01-23,3636
B000773,C0197,2024-08-03,9996
B000774,C0197,2025-04-12,7869
B000775,C0197,2025-01-13,12201
B000776,C0197,2025-11-07,5615
B000777,C0198,2025-09-30,14212
B000778,C0198,2025-12-29,2142
B000779,C0198,2024-05-01,4732
B000780,C0198,2024-05-13,6214
B000781,C0198,2024-07-15,17450
B000782,C0198,2025-01-22,12263
B000783,C0199,2025-09-05,14075
B000784,C0199,2025-10-13,8013
B000785,C0199,2024-02-17,19245
B000786,C0199,2024-07-12,17546
B000787,C0200,2024-06-01,10737
B000788,C0200,2024-09-10,1745
B000789,C0200,2025-10-06,9177
B000790,C0200,2024-05-09,16654
B000791,C0201,2025-05-15,6856
B000792,C0201,2024-03-24,15422
B000793,C0201,2025-11-10,2125
B000794,C0201,2024-06-20,16666
B000795,C0201,2025-02-01,16684
B000796,C0201,2025-01-18,16337
B000797,C0202,2025-04-20,5865
B000798,C0202,2024-11-25,12251
B000799,C0202,2025-06-22,15836
B000800,C0202,2025-05-21,15524
B000801,C0202,2024-10-01,19044
B000802,C0202,2025-02-14,19135
B000803,C0203,2024-07-31,7193
B000804,C0203,2024-07-26,14813
B000805,C0204,2025-02-09,7162
B000806,C0204,2024-11-09,13927
B000807,C0204,2025-01-21,18722
B000808,C0205,2025-01-18,8340
B000809,C0205,2025-07-17,2777
B000810,C0205,2024-05-17,2753
B000811,C0206,2025-03-31,17000
B000812,C0206,2024-12-26,7542
B000813,C0206,2025-08-20,1348
B000814,C0206,2025-04-21,16785
B000815,C0207,2024-12-10,13962
B000816,C0207,2025-04-06,15320
B000817,C0207,2025-03-18,13400
B000818,C0207,2025-01-11,16303
B000819,C0207,2024-11-20,8946
B000820,C0207,2025-01-26,809
B000821,C0208,2025-03-28,7660
B000822,C0208,2024-09-28,2486
B000823,C0208,2025-01-02,2700
B000824,C0209,2025-05-28,16803
B000825,C0209,2025-07-13,2561
B000826,C0209,2024-10-10,7462
B000827,C0209,2024-04-10,3885
B000828,C0210,2025-01-03,1254
B000829,C0210,2025-07-13,6563
B000830,C0211,2024-07-20,10788
B000831,C0211,2024-09-13,9919
B000832,C0211,2025-11-30,8993
B000833,C0211,2024-07-14,19792
B000834,C0212,2025-07-10,8556
B000835,C0212,2024-01-09,9813
B000836,C0212,2024-10-15,11358
B000837,C0213,2025-02-19,19003
B000838,C0213,2025-11-02,389
B000839,C0213,2025-04-28,16798
B000840,C0213,2024-06-01,13025
B000841,C0213,2024-08-21,7435
B000842,C0214,2025-04-30,7658
B000843,C0214,2025-06-12,19234
B000844,C0214,2025-07-19,15359
B000845,C0215,2024-12-14,2813
B000846,C0215,2024-11-16,6155
B000847,C0215,2025-03-15,13686
B000848,C0215,2024-08-02,14374
B000849,C0215,2025-04-05,18299
B000850,C0216,2025-01-18,4553
B000851,C0216,2025-08-14,4205
B000852,C0217,2024-01-10,16377
B000853,C0217,2025-11-05,11621
B000854,C0217,2024-12-13,7388
B000855,C0217,2025-03-05,13949
B000856,C0218,2025-12-08,17616
B000857,C0218,2024-11-02,10684
B000858,C0218,2025-08-24,761
B000859,C0218,2025-08-04,1055
B000860,C0218,2024-05-22,5036
B000861,C0219,2025-08-04,19759
B000862,C0219,2025-09-14,18804
B000863,C0219,2025-02-04,12495
B000864,C0219,2024-07-28,12800
B000865,C0220,2025-07-01,12662
B000866,C0220,2024-07-11,15557
B000867,C0221,2024-12-02,18661
B000868,C0221,2025-04-07,9982
B000869,C0222,2024-06-24,3418
B000870,C0222,2025-11-22,18117
B000871,C0223,2024-02-02,19771
B000872,C0223,2025-05-15,879
B000873,C0223,2024-07-10,6520
B000874,C0224,2025-01-30,9300
B000875,C0224,2024-07-29,7636
B000876,C0225,2025-11-06,17183
B000877,C0225,2024-03-12,14898
B000878,C0225,2024-02-28,12079
B000879,C0225,2025-06-14,361
B000880,C0226,2024-11-30,13463
B000881,C0226,2025-02-04,5145
B000882,C0226,2024-04-23,4231
B000883,C0227,2025-03-04,15671
B000884,C0227,2024-03-11,12746
B000885,C0227,2024-07-30,4257
B000886,C0227,2024-07-29,10150
B000887,C0227,2025-03-18,15557
B000888,C0227,2024-06-11,19782
B000889,C0228,2024-11-13,19250
B000890,C0228,2024-07-26,16465
B000891,C0228,2025-12-02,15039
B000892,C0228,2024-10-09,6609
B000893,C0228,2024-01-08,4675
B000894,C0228,2025-04-01,2096
B000895,C0229,2025-09-11,8088
B000896,C0229,2025-06-22,10777
B000897,C0229,2025-08-05,16087
B000898,C0229,2025-04-16,15161
B000899,C0229,2025-08-12,1280
B000900,C0230,2024-10-21,14952
B000901,C0230,2024-12-21,9746
B000902,C0231,2025-09-19,5738
B000903,C0231,2025-03-01,8163
B000904,C0231,2024-07-02,14158
B000905,C0231,2025-04-13,12604
B000906,C0231,2025-11-05,6011
B000907,C0232,2024-04-07,12895
B000908,C0232,2025-12-16,1430
B000909,C0232,2024-09-02,5175
B000910,C0232,2024-10-07,17620
B000911,C0232,2024-10-25,2187
B000912,C0232,2025-12-15,7119
B000913,C0233,2025-02-25,18114
B000914,C0233,2024-05-04,12082
B000915,C0233,2024-03-19,3447
B000916,C0233,2025-05-31,10682
B000917,C0233,2025-02-23,14776
B000918,C0234,2024-09-15,6795
B000919,C0234,2025-06-02,1462
B000920,C0234,2025-04-18,875
B000921,C0235,2025-10-16,15135
B000922,C0235,2025-01-25,11260
B000923,C0236,2024-07-18,12998
B000924,C0236,2024-02-08,351
B000925,C0236,2024-09-13,3757
B000926,C0236,2025-12-27,4472
B000927,C0236,2024-11-30,15212
B000928,C0237,2025-04-17,2235
B000929,C0237,2024-03-25,17970
B000930,C0237,2025-11-03,7939
B000931,C0237,2025-12-31,14343
B000932,C0237,2024-05-23,15426
B000933,C0238,2024-06-14,5589
B000934,C0238,2024-01-19,19889
B000935,C0238,2024-04-12,5807
B000936,C0238,2024-10-28,4068
B000937,C0239,2025-02-04,5519
B000938,C0239,2024-03-20,367
B000939,C0239,2025-11-24,8953
B000940,C0239,2024-06-06,14439
B000941,C0239,2025-01-01,5830
B000942,C0239,2024-08-09,1128
B000943,C0240,2024-08-09,14485
B000944,C0240,2025-12-14,1564
B000945,C0240,2025-10-12,17133
B000946,C0240,2025-10-18,3368
B000947,C0240,2025-02-03,10103
B000948,C0240,2025-03-30,1717
B000949,C0241,2024-01-05,1594
B000950,C0241,2025-01-21,6610
B000951,C0241,2024-09-12,12276
B000952,C0241,2024-09-01,6553
B000953,C0241,2024-04-03,525
B000954,C0241,2025-03-07,915
B000955,C0242,2024-12-11,6296
B000956,C0242,2025-11-27,2070
B000957,C0243,2024-04-08,5501
B000958,C0243,2024-06-20,1442
B000959,C0243,2025-03-01,16793
B000960,C0244,2024-11-30,10573
B000961,C0244,2025-07-29,6211
B000962,C0245,2024-07-31,17750
B000963,C0245,2025-02-08,14020
B000964,C0245,2024-05-03,7615
B000965,C0245,2024-08-06,3469
B000966,C0245,2024-12-31,10596
B000967,C0245,2024-06-26,491
B000968,C0246,2025-10-31,10362
B000969,C0246,2024-01-13,12752
B000970,C0246,2024-08-05,15033
B000971,C0246,2024-08-13,2163
B000972,C0246,2025-11-04,9124
B000973,C0247,2025-01-12,1439
B000974,C0247,2024-03-09,7161
B000975,C0247,2025-02-24,9880
B000976,C0247,2025-09-05,16370
B000977,C0247,2024-04-14,17569
B000978,C0247,2025-08-05,5618
B000979,C0248,2024-04-07,19656
B000980,C0248,2024-11-28,12732
B000981,C0248,2025-11-25,4355
B000982,C0248,2024-12-06,5745
B000983,C0249,2025-11-13,15798
B000984,C0249,2024-03-10,10980
B000985,C0249,2024-01-19,19940
B000986,C0249,2025-08-22,14709
B000987,C0250,2025-06-07,7616
B000988,C0250,2025-05-30,19250
B000989,C0250,2025-12-22,435
B000990,C0250,2024-08-26,695
B000991,C0250,2025-09-23,4065
B000992,C0251,2024-08-30,14041
B000993,C0251,2024-09-06,2601
B000994,C0251,2024-03-02,4507
B000995,C0251,2025-01-18,16342
B000996,C0252,2024-07-25,4969
B000997,C0252,2025-01-19,6697
B000998,C0252,2025-10-19,1242
B000999,C0252,2024-08-31,19597
B001000,C0253,2024-12-02,4399
B001001,C0253,2024-10-11,10405
B001002,C0253,2025-10-21,1297
B001003,C0253,2025-06-17,13595
B001004,C0253,2025-10-25,9452
B001005,C0254,2024-08-22,10855
B001006,C0254,2024-12-16,7938
B001007,C0255,2025-07-06,1771
B001008,C0255,2025-11-11,8137
B001009,C0255,2025-12-04,7289
B001010,C0256,2025-01-25,17087
B001011,C0256,2024-11-25,6014
B001012,C0256,2025-03-28,198
B001013,C0256,2024-03-07,16110
B001014,C0256,2024-03-12,6306
B001015,C0256,2024-02-23,4637
B001016,C0257,2024-05-08,3006
B001017,C0257,2024-06-26,19419
B001018,C0257,2025-07-16,6696
B001019,C0258,2025-06-03,2561
B001020,C0258,2025-03-12,15305
B001021,C0258,2024-11-14,5379
B001022,C0259,2024-09-07,13894
B001023,C0259,2024-06-29,19852
B001024,C0259,2024-09-11,9932
B001025,C0260,2025-08-13,14688
B001026,C0260,2025-10-12,6599
B001027,C0260,2024-10-05,15767
B001028,C0260,2024-03-22,11782
B001029,C0261,2025-01-21,5497
B001030,C0261,2025-04-27,14463
B001031,C0261,2025-03-08,16557
B001032,C0261,2025-09-16,14202
B001033,C0261,2024-06-08,15794
B001034,C0262,2025-01-25,14004
B001035,C0262,2024-03-26,9837
B001036,C0263,2025-07-04,5006
B001037,C0263,2025-07-20,5757
B001038,C0263,2024-09-20,12466
B001039,C0263,2025-04-19,10022
B001040,C0263,2025-04-09,9280
B001041,C0263,2025-01-19,18420
B001042,C0264,2025-05-07,2357
B001043,C0264,2024-12-07,4477
B001044,C0264,2025-04-25,6413
B001045,C0264,2024-06-07,6213
B001046,C0264,2024-01-05,420
B001047,C0264,2025-05-27,12263
B001048,C0265,2025-02-18,13625
B001049,C0265,2025-02-08,12227
B001050,C0265,2025-01-28,16041
B001051,C0265,2024-11-11,19277
B001052,C0265,2024-03-13,13395
B001053,C0266,2024-05-07,12609
B001054,C0266,2025-08-02,5320
B001055,C0267,2025-03-22,8364
B001056,C0267,2024-12-22,16698
B001057,C0267,2025-12-27,16011
B001058,C0268,2025-12-14,1890
B001059,C0268,2025-10-28,12626
B001060,C0268,2025-03-10,8086
B001061,C0268,2024-09-05,15654
B001062,C0269,2025-01-05,925
B001063,C0269,2025-12-15,4845
B001064,C0270,2025-09-11,14924
B001065,C0270,2025-11-28,4828
B001066,C0270,2024-09-17,8107
B001067,C0270,2025-09-08,18951
B001068,C0271,2024-01-13,3825
B001069,C0271,2024-04-04,12594
B001070,C0271,2025-02-11,19207
B001071,C0272,2025-06-14,6187
B001072,C0272,2025-03-09,5433
B001073,C0273,2024-09-15,9903
B001074,C0273,2025-05-27,17471
B001075,C0273,2025-11-05,12543
B001076,C0273,2025-08-23,10091
B001077,C0273,2025-02-25,2912
B001078,C0274,2025-10-13,18763
B001079,C0274,2024-12-18,4676
B001080,C0275,2024-08-02,13040
B001081,C0275,2025-12-16,10095
B001082,C0275,2024-01-07,5518
B001083,C0275,2025-05-18,51
B001084,C0276,2024-03-12,13691
B001085,C0276,2025-06-21,13659
B001086,C0277,2025-03-17,5591
B001087,C0277,2024-06-29,12276
B001088,C0277,2024-07-09,4401
B001089,C0277,2024-07-21,15940
B001090,C0278,2025-05-29,3612
B001091,C0278,2025-04-06,18582
B001092,C0278,2024-08-05,6082
B001093,C0279,2024-03-01,5987
B001094,C0279,2024-07-15,8498
B001095,C0279,2025-02-22,14441
B001096,C0280,2024-04-21,5443
B001097,C0280,2024-03-22,9605
B001098,C0280,2024-03-28,12377
B001099,C0280,2024-05-07,9068
B001100,C0280,2024-03-06,11211
B001101,C0280,2024-01-31,19190
B001102,C0281,2025-05-04,15898
B001103,C0281,2025-11-19,3303
B001104,C0281,2024-01-10,2000
B001105,C0282,2024-01-08,19085
B001106,C0282,2024-02-12,3173
B001107,C0282,2024-08-04,17115
B001108,C0282,2024-01-08,12309
B001109,C0283,2025-06-16,8710
B001110,C0283,2025-05-12,15506
B001111,C0283,2024-12-11,19804
B001112,C0283,2025-03-15,11028
B001113,C0283,2025-01-14,11241
B001114,C0283,2024-11-18,7851
B001115,C0284,2025-11-12,13057
B001116,C0284,2025-01-22,1875
B001117,C0284,2024-12-30,10821
B001118,C0284,2024-04-12,101
B001119,C0285,2025-12-16,13166
B001120,C0285,2024-05-22,841
B001121,C0285,2025-09-08,4027
B001122,C0285,2025-06-27,9157
B001123,C0285,2025-12-17,8144
B001124,C0286,2025-04-07,15571
B001125,C0286,2025-06-11,13537
B001126,C0286,2025-11-07,6158
B001127,C0286,2024-01-04,10557
B001128,C0287,2025-10-10,11803
B001129,C0287,2024-02-16,10666
B001130,C0288,2024-08-27,19882
B001131,C0288,2025-05-11,13112
B001132,C0288,2025-09-19,2666
B001133,C0288,2024-12-22,14021
B001134,C0288,2025-05-02,3291
B001135,C0289,2024-10-27,19895
B001136,C0289,2024-07-18,4691
B001137,C0289,2025-06-16,18739
B001138,C0289,2025-05-31,1040
B001139,C0289,2024-05-10,16316
B001140,C0290,2024-11-04,17981
B001141,C0290,2025-04-23,5506
B001142,C0291,2024-04-28,15799
B001143,C0291,2025-11-09,17716
B001144,C0291,2024-09-03,7974
B001145,C0291,2024-08-04,5584
B001146,C0291,2025-11-06,2930
B001147,C0292,2025-03-21,957
B001148,C0292,2024-06-13,10698
B001149,C0293,2024-10-14,7221
B001150,C0293,2024-09-20,15607
B001151,C0293,2025-11-17,4033
B001152,C0293,2025-11-12,4448
B001153,C0293,2025-07-01,16120
B001154,C0294,2025-12-09,10905
B001155,C0294,2024-08-17,18873
B001156,C0295,2024-03-07,11246
B001157,C0295,2025-01-21,12505
B001158,C0295,2025-10-31,18412
B001159,C0295,2025-03-23,7646
B001160,C0295,2024-08-16,8489
B001161,C0295,2024-04-28,9534
B001162,C0296,2024-04-24,2920
B001163,C0296,2024-12-14,19405
B001164,C0297,2024-04-28,18770
B001165,C0297,2025-01-11,4175
B001166,C0297,2024-11-16,12458
B001167,C0298,2024-01-02,10184
B001168,C0298,2024-03-04,19335
B001169,C0298,2025-07-02,6221
B001170,C0298,2025-02-01,13883
B001171,C0298,2024-11-23,11961
B001172,C0298,2025-11-26,4138
B001173,C0299,2025-11-10,19713
B001174,C0299,2025-08-27,7279
B001175,C0299,2024-04-19,12953
B001176,C0299,2024-01-10,17638
B001177,C0299,2025-04-16,10352
B001178,C0299,2024-05-28,9726
B001179,C0300,2025-05-26,14935
B001180,C0300,2024-05-30,19708
B001181,C0300,2024-10-17,4779
B001182,C0301,2025-09-05,10490
B001183,C0301,2024-11-12,16461
B001184,C0302,2024-10-07,18807
B001185,C0302,2025-05-04,7068
B001186,C0303,2024-10-25,12343
B001187,C0303,2024-03-01,10916
B001188,C0303,2024-06-05,6901
B001189,C0303,2024-08-18,1722
B001190,C0303,2024-07-02,15974
B001191,C0304,2024-11-02,5216
B001192,C0304,2024-01-23,17954
B001193,C0304,2025-02-05,11056
B001194,C0304,2025-03-08,15513
B001195,C0304,2024-12-22,12824
B001196,C0305,2024-03-14,17296
B001197,C0305,2024-10-16,9252
B001198,C0305,2025-12-14,6392
B001199,C0305,2025-12-18,17957
B001200,C0305,2025-02-07,3188
B001201,C0306,2024-11-27,19018
B001202,C0306,2024-02-25,9963
B001203,C0306,2025-04-13,5363
B001204,C0307,2024-05-20,14479
B001205,C0307,2025-12-13,15808
B001206,C0307,2024-10-25,4745
B001207,C0307,2024-08-02,7147
B001208,C0307,2024-07-19,299
B001209,C0307,2025-01-05,18863
B001210,C0308,2025-11-25,4836
B001211,C0308,2025-01-20,13995
B001212,C0309,2024-02-27,3147
B001213,C0309,2024-12-30,15527
B001214,C0309,2024-07-02,1719
B001215,C0310,2025-06-11,11091
B001216,C0310,2025-08-30,14215
B001217,C0311,2025-10-04,13238
B001218,C0311,2024-09-07,1113
B001219,C0311,2024-05-01,7892
B001220,C0312,2025-05-15,9918
B001221,C0312,2025-12-05,19534
B001222,C0312,2024-06-25,12300
B001223,C0312,2025-12-09,2936
B001224,C0312,2025-04-19,12520
B001225,C0313,2025-10-09,14585
B001226,C0313,2025-01-11,380
B001227,C0313,2024-05-02,3821
B001228,C0313,2024-03-25,3999
B001229,C0314,2025-10-18,16703
B001230,C0314,2024-08-18,754
B001231,C0314,2025-08-23,18775
B001232,C0314,2025-08-09,15712
B001233,C0314,2024-10-07,3098
B001234,C0315,2024-07-04,12581
B001235,C0315,2025-05-10,14210
B001236,C0315,2024-11-01,18724
B001237,C0315,2024-05-08,3258
B001238,C0315,2024-11-29,2080
B001239,C0315,2025-12-31,17613
B001240,C0316,2025-02-19,647
B001241,C0316,2025-02-07,18220
B001242,C0316,2025-07-03,17369
B001243,C0317,2024-03-06,17003
B001244,C0317,2025-08-21,17661
B001245,C0317,2025-12-31,4066
B001246,C0317,2024-07-31,3844
B001247,C0317,2024-07-04,19631
B001248,C0318,2024-01-06,18177
B001249,C0318,2025-04-02,10298
B001250,C0318,2024-05-05,1282
B001251,C0319,2025-08-11,6757
B001252,C0319,2025-10-30,5282
B001253,C0319,2024-03-30,18431
B001254,C0320,2024-02-05,2772
B001255,C0320,2024-05-07,16585
B001256,C0320,2024-11-01,11913
B001257,C0320,2025-07-11,5623
B001258,C0321,2025-11-04,2
B001259,C0321,2024-09-11,9850
B001260,C0321,2024-02-17,17021
B001261,C0321,2024-10-27,17501
B001262,C0321,2025-03-31,4582
B001263,C0322,2025-05-17,10254
B001264,C0322,2025-06-19,11538
B001265,C0322,2025-09-12,17636
B001266,C0322,2025-06-06,6876
B001267,C0322,2025-12-05,3244
B001268,C0322,2025-11-09,1465
B001269,C0323,2024-02-07,6162
B001270,C0323,2024-05-25,9820
B001271,C0323,2024-08-08,4397
B001272,C0324,2025-07-19,7079
B001273,C0324,2025-08-28,11765
B001274,C0324,2024-10-11,4210
B001275,C0324,2025-09-29,13828
B001276,C0324,2024-03-17,18017
B001277,C0324,2024-09-18,8541
B001278,C0325,2025-10-27,5351
B001279,C0325,2025-02-13,14944
B001280,C0325,2024-03-26,8328
B001281,C0325,2025-11-23,13937
B001282,C0325,2025-12-12,4693
B001283,C0326,2024-07-27,2312
B001284,C0326,2025-10-06,8827
B001285,C0326,2025-10-10,6312
B001286,C0326,2025-01-16,18469
B001287,C0326,2025-11-04,16758
B001288,C0326,2025-09-11,5375
B001289,C0327,2024-06-06,10366
B001290,C0327,2025-03-20,12417
B001291,C0327,2024-01-27,19779
B001292,C0327,2024-09-10,2540
B001293,C0327,2024-10-03,4083
B001294,C0328,2024-04-22,17968
B001295,C0328,2025-02-20,2161
B001296,C0328,2024-12-03,2915
B001297,C0328,2025-01-06,10928
B001298,C0328,2024-10-06,4794
B001299,C0328,2024-08-19,8966
B001300,C0329,2024-04-10,12358
B001301,C0329,2024-08-15,12407
B001302,C0330,2024-05-06,5758
B001303,C0330,2025-06-23,10045
B001304,C0331,2025-05-16,3130
B001305,C0331,2025-06-25,11432
B001306,C0331,2025-12-18,18748
B001307,C0331,2024-10-15,18072
B001308,C0331,2024-10-04,19905
B001309,C0331,2024-04-11,1571
B001310,C0332,2024-11-21,12765
B001311,C0332,2024-07-04,11310
B001312,C0332,2025-11-25,17422
B001313,C0333,2025-08-31,13194
B001314,C0333,2025-05-03,19408
B001315,C0333,2024-05-10,8488
B001316,C0333,2024-01-10,16828
B001317,C0333,2025-12-31,5095
B001318,C0333,2025-11-04,4140
B001319,C0334,2025-01-22,18597
B001320,C0334,2024-09-30,1732
B001321,C0334,2025-10-16,12129
B001322,C0335,2025-11-25,19945
B001323,C0335,2025-03-04,15000
B001324,C0335,2024-07-06,14383
B001325,C0336,2025-04-24,16457
B001326,C0336,2024-10-20,9038
B001327,C0336,2025-03-14,17058
B001328,C0336,2024-08-22,10000
B001329,C0337,2024-11-08,13320
B001330,C0337,2024-11-16,2953
B001331,C0338,2024-03-19,7865
B001332,C0338,2024-04-05,5410
B001333,C0339,2024-02-28,2771
B001334,C0339,2024-10-19,18158
B001335,C0339,2025-05-19,350
B001336,C0339,2025-03-10,16668
B001337,C0339,2024-05-19,15717
B001338,C0339,2025-05-24,16875
B001339,C0340,2025-12-15,4085
B001340,C0340,2025-02-19,455
B001341,C0340,2025-09-23,6231
B001342,C0340,2024-01-08,13925
B001343,C0340,2025-12-20,17508
B001344,C0340,2024-12-19,8002
B001345,C0341,2025-12-01,19962
B001346,C0341,2024-02-13,19902
B001347,C0341,2025-04-04,5522
B001348,C0341,2025-11-21,17154
B001349,C0341,2024-08-18,5728
B001350,C0341,2024-03-17,12027
B001351,C0342,2025-06-10,11576
B001352,C0342,2024-02-22,13851
B001353,C0342,2025-05-22,12422
B001354,C0343,2025-01-17,3710
B001355,C0343,2024-12-12,8184
B001356,C0343,2025-07-06,3862
B001357,C0344,2024-11-02,15831
B001358,C0344,2024-10-27,8675
B001359,C0344,2024-08-06,73
B001360,C0344,2025-10-08,18639
B001361,C0345,2024-08-10,9988
B001362,C0345,2025-10-20,16892
B001363,C0345,2024-02-06,15173
B001364,C0345,2025-09-24,15999
B001365,C0345,2024-02-28,11657
B001366,C0346,2025-09-22,15084
B001367,C0346,2024-12-02,9776
B001368,C0347,2024-04-19,168
B001369,C0347,2024-12-24,6100
B001370,C0347,2025-02-15,11617
B001371,C0347,2024-01-10,3320
B001372,C0348,2025-05-18,6473
B001373,C0348,2024-03-27,17337
B001374,C0348,2025-06-10,5036
B001375,C0348,2025-02-24,4058
B001376,C0348,2025-05-14,226
B001377,C0349,2025-11-03,8196
B001378,C0349,2024-08-19,15423
B001379,C0349,2025-02-08,12265
B001380,C0350,2025-01-08,14035
B001381,C0350,2024-07-05,17577
B001382,C0350,2024-10-02,3561
B001383,C0350,2025-03-25,14396
B001384,C0351,2024-05-23,11591
B001385,C0351,2025-03-20,190
B001386,C0351,2025-01-02,6503
B001387,C0352,2024-07-13,9335
B001388,C0352,2024-02-11,4380
B001389,C0353,2025-03-07,10853
B001390,C0353,2024-02-02,5253
B001391,C0353,2025-11-13,6520
B001392,C0353,2025-05-05,8709
B001393,C0353,2024-05-01,13798
B001394,C0354,2025-07-17,16238
B001395,C0354,2025-11-29,4175
B001396,C0354,2024-11-28,13103
B001397,C0354,2025-05-28,12741
B001398,C0354,2024-05-14,3595
B001399,C0355,2024-01-22,4132
B001400,C0355,2024-06-08,11276
B001401,C0356,2024-01-14,7749
B001402,C0356,2024-02-23,11211
B001403,C0356,2025-03-15,19565
B001404,C0356,2024-01-09,14232
B001405,C0356,2025-05-06,9485
B001406,C0356,2024-10-15,15922
B001407,C0357,2025-03-15,8118
B001408,C0357,2025-09-24,4996
B001409,C0358,2024-07-10,8174
B001410,C0358,2024-10-14,3768
B001411,C0358,2024-09-26,8105
B001412,C0358,2025-11-13,14062
B001413,C0358,2024-07-22,15528
B001414,C0358,2025-12-24,3377
B001415,C0359,2025-09-17,5937
B001416,C0359,2024-07-12,19372
B001417,C0359,2025-10-06,4873
B001418,C0359,2024-08-22,3947
B001419,C0359,2024-05-15,13149
B001420,C0359,2024-02-09,8973
B001421,C0360,2024-05-29,13969
B001422,C0360,2024-01-19,6541
B001423,C0360,2024-04-03,1669
B001424,C0361,2025-02-21,17202
B001425,C0361,2024-11-09,7583
B001426,C0361,2024-08-15,11015
B001427,C0361,2025-03-12,15702
B001428,C0361,2024-03-03,16707
B001429,C0362,2025-10-21,1692
B001430,C0362,2024-11-07,3606
B001431,C0362,2024-10-02,11913
B001432,C0362,2024-10-14,11502
B001433,C0362,2025-12-29,13699
B001434,C0363,2024-11-23,1558
B001435,C0363,2024-07-05,1339
B001436,C0363,2024-01-01,1708
B001437,C0364,2024-08-05,9349
B001438,C0364,2025-04-28,9180
B001439,C0364,2025-09-13,3301
B001440,C0364,2025-03-17,6056
B001441,C0365,2025-05-18,11913
B001442,C0365,2024-12-08,9973
B001443,C0365,2024-04-24,3174
B001444,C0365,2025-11-16,447
B001445,C0366,2024-05-13,10853
B001446,C0366,2025-01-04,11841
B001447,C0366,2025-08-26,17329
B001448,C0366,2025-09-11,12176
B001449,C0366,2024-08-31,9042
B001450,C0366,2024-08-03,19147
B001451,C0367,2024-03-30,3485
B001452,C0367,2024-05-13,19720
B001453,C0367,2024-05-03,1344
B001454,C0367,2025-08-23,6240
B001455,C0367,2024-07-16,14606
B001456,C0368,2024-03-17,17910
B001457,C0368,2025-09-25,11236
B001458,C0369,2025-04-30,6619
B001459,C0369,2025-06-30,5035
B001460,C0369,2024-02-14,4188
B001461,C0369,2024-07-15,13703
B001462,C0370,2025-12-29,8274
B001463,C0370,2025-07-27,11381
B001464,C0370,2025-01-09,14695
B001465,C0370,2025-10-06,3847
B001466,C0370,2025-03-22,2218
B001467,C0370,2025-05-09,13729
B001468,C0371,2025-05-30,716
B001469,C0371,2024-06-19,19633
B001470,C0371,2024-10-07,4224
B001471,C0371,2024-10-23,1489
B001472,C0371,2025-08-02,1992
B001473,C0371,2025-12-11,6232
B001474,C0372,2025-05-21,17447
B001475,C0372,2025-06-09,2457
B001476,C0372,2024-06-18,14344
B001477,C0372,2025-06-05,12587
B001478,C0372,2025-07-29,12787
B001479,C0373,2025-09-13,8896
B001480,C0373,2024-07-30,6031
B001481,C0373,2024-01-04,5242
B001482,C0373,2025-08-08,7137
B001483,C0373,2025-08-29,290
B001484,C0374,2025-04-11,16509
B001485,C0374,2025-12-25,17205
B001486,C0374,2024-09-22,9942
B001487,C0374,2024-08-13,9711
B001488,C0374,2025-12-26,8798
B001489,C0374,2025-07-19,3902
B001490,C0375,2024-08-17,1494
B001491,C0375,2025-06-30,7805
B001492,C0375,2024-10-25,1280
B001493,C0376,2024-10-11,4357
B001494,C0376,2024-10-03,1688
B001495,C0376,2025-10-19,8159
B001496,C0377,2025-07-01,3807
B001497,C0377,2024-01-02,11385
B001498,C0377,2025-10-09,19829
B001499,C0378,2024-11-28,2727
B001500,C0378,2025-12-23,17998
B001501,C0378,2024-09-27,4378
B001502,C0378,2025-02-22,9663
B001503,C0379,2024-02-28,341
B001504,C0379,2024-12-30,7185
B001505,C0379,2024-10-13,5791
B001506,C0379,2024-09-19,512
B001507,C0380,2025-11-04,19112
B001508,C0380,2024-04-18,12516
B001509,C0380,2025-10-31,8432
B001510,C0380,2025-10-03,19803
B001511,C0380,2025-07-18,6755
B001512,C0380,2025-03-28,7229
B001513,C0381,2024-10-02,6682
B001514,C0381,2025-08-18,12958
B001515,C0381,2024-06-08,14616
B001516,C0381,2024-08-25,14218
B001517,C0382,2024-05-31,15696
B001518,C0382,2024-04-05,16251
B001519,C0382,2024-07-04,15053
B001520,C0382,2024-07-08,5770
B001521,C0383,2025-08-06,16073
B001522,C0383,2024-07-03,9242
B001523,C0383,2024-01-22,10163
B001524,C0384,2024-06-30,12917
B001525,C0384,2025-12-04,19917
B001526,C0384,2024-07-11,2275
B001527,C0385,2024-03-14,13972
B001528,C0385,2024-09-08,14910
B001529,C0385,2025-10-22,13189
B001530,C0386,2025-06-23,4498
B001531,C0386,2024-01-13,19768
B001532,C0387,2025-01-21,12582
B001533,C0387,2024-01-22,3605
B001534,C0388,2025-10-21,1433
B001535,C0388,2024-05-15,8137
B001536,C0389,2024-10-01,4673
B001537,C0389,2025-10-04,19648
B001538,C0390,2024-01-10,3484
B001539,C0390,2025-07-09,11088
B001540,C0391,2024-07-26,4562
B001541,C0391,2025-05-06,18443
B001542,C0392,2024-06-16,10072
B001543,C0392,2024-12-05,15692
B001544,C0392,2024-06-07,7989
B001545,C0392,2024-02-27,17810
B001546,C0392,2025-12-09,8764
B001547,C0393,2024-05-06,694
B001548,C0393,2024-02-15,3369
B001549,C0393,2025-07-11,9723
B001550,C0393,2024-04-15,16762
B001551,C0393,2025-03-01,4647
B001552,C0393,2024-01-02,7350
B001553,C0394,2024-08-20,13996
B001554,C0394,2025-01-29,4829
B001555,C0395,2025-11-02,9399
B001556,C0395,2024-08-19,12607
B001557,C0395,2025-12-04,3683
B001558,C0395,2025-05-18,5556
B001559,C0396,2024-08-17,3333
B001560,C0396,2024-10-15,11708
B001561,C0397,2025-09-22,10935
B001562,C0397,2024-05-01,11812
B001563,C0398,2024-02-14,19808
B001564,C0398,2024-06-03,5834
B001565,C0399,2025-06-27,10972
B001566,C0399,2025-09-06,5942
B001567,C0399,2025-11-26,13934
B001568,C0399,2024-06-02,9881
B001569,C0399,2025-10-01,9404
B001570,C0400,2024-04-16,8883
B001571,C0400,2025-05-26,12095
B001572,C0400,2024-09-28,2502
B001573,C0400,2024-01-03,4870
B001574,C0401,2024-11-23,4842
B001575,C0401,2025-02-03,14637
B001576,C0401,2025-05-04,2205
B001577,C0402,2025-08-14,14006
B001578,C0402,2024-10-12,4740
B001579,C0403,2024-11-26,4179
B001580,C0403,2024-07-05,12616
B001581,C0404,2024-11-22,16194
B001582,C0404,2025-03-10,15770
B001583,C0404,2025-12-11,13564
B001584,C0404,2025-09-08,10926
B001585,C0405,2025-10-31,8057
B001586,C0405,2025-01-27,13718
B001587,C0405,2025-07-16,16289
B001588,C0406,2025-06-30,16141
B001589,C0406,2025-06-29,17570
B001590,C0406,2024-08-23,12603
B001591,C0406,2024-03-26,19037
B001592,C0406,2025-03-07,17266
B001593,C0406,2025-08-14,7187
B001594,C0407,2024-08-28,11852
B001595,C0407,2024-01-03,6661
B001596,C0408,2025-01-06,18296
B001597,C0408,2025-04-30,4377
B001598,C0409,2024-03-02,11447
B001599,C0409,2025-01-04,4566
B001600,C0410,2025-04-16,4723
B001601,C0410,2025-07-18,13797
B001602,C0410,2024-09-05,6905
B001603,C0410,2024-08-17,1830
B001604,C0411,2024-04-30,4688
B001605,C0411,2025-01-21,863
B001606,C0411,2025-12-13,13916
B001607,C0412,2024-02-25,3473
B001608,C0412,2025-11-09,19058
B001609,C0412,2024-03-16,15624
B001610,C0412,2025-08-31,5183
B001611,C0413,2024-05-30,11968
B001612,C0413,2024-05-24,2588
B001613,C0414,2024-03-19,408
B001614,C0414,2025-08-05,13647
B001615,C0414,2024-06-02,5977
B001616,C0415,2024-05-23,17283
B001617,C0415,2025-12-16,9814
B001618,C0415,2025-04-26,13484
B001619,C0415,2024-12-11,14548
B001620,C0415,2025-10-22,432
B001621,C0416,2024-04-23,5108
B001622,C0416,2024-03-02,1052
B001623,C0416,2025-09-10,5687
B001624,C0416,2025-05-30,5254
B001625,C0417,2025-02-09,13881
B001626,C0417,2025-11-27,14886
B001627,C0418,2025-12-29,8455
B001628,C0418,2025-08-08,16445
B001629,C0418,2024-11-09,7448
B001630,C0418,2025-03-09,5138
B001631,C0418,2024-10-05,3012
B001632,C0418,2025-06-18,12371
B001633,C0419,2024-08-04,13120
B001634,C0419,2025-09-25,1834
B001635,C0419,2024-08-12,12854
B001636,C0420,2025-07-26,19827
B001637,C0420,2024-03-20,15349
B001638,C0420,2025-05-03,10262
B001639,C0421,2025-01-24,5400
B001640,C0421,2024-02-25,12172
B001641,C0421,2025-10-24,13900
B001642,C0421,2024-07-18,8844
B001643,C0421,2024-04-21,3420
B001644,C0422,2025-01-06,19765
B001645,C0422,2024-12-09,919
B001646,C0423,2024-10-15,5333
B001647,C0423,2025-07-08,3488
B001648,C0423,2024-03-07,6943
B001649,C0424,2024-01-12,10129
B001650,C0424,2024-07-11,18077
B001651,C0424,2024-07-25,1060
B001652,C0424,2024-09-03,8820
B001653,C0424,2024-03-28,18681
B001654,C0424,2025-08-01,1470
B001655,C0425,2025-05-10,1496
B001656,C0425,2024-02-19,10308
B001657,C0425,2024-04-05,10112
B001658,C0425,2024-01-09,11686
B001659,C0425,2024-10-16,13046
B001660,C0425,2025-05-27,6385
B001661,C0426,2025-02-04,11660
B001662,C0426,2024-05-12,3190
B001663,C0426,2024-12-05,13345
B001664,C0426,2025-05-30,3309
B001665,C0427,2024-06-02,776
B001666,C0427,2025-08-24,12521
B001667,C0427,2025-05-03,19213
B001668,C0427,2024-02-08,9506
B001669,C0427,2024-06-14,4965
B001670,C0427,2025-11-29,15175
B001671,C0428,2025-10-02,3056
B001672,C0428,2024-08-25,7066
B001673,C0429,2024-06-13,16437
B001674,C0429,2025-06-12,19947
B001675,C0429,2025-10-29,17147
B001676,C0430,2025-04-03,4299
B001677,C0430,2024-12-13,9530
B001678,C0430,2025-01-03,14119
B001679,C0430,2024-02-10,12701
B001680,C0431,2024-08-01,19886
B001681,C0431,2024-03-17,4993
B001682,C0431,2025-08-03,16302
B001683,C0432,2024-01-16,4673
B001684,C0432,2024-11-12,17928
B001685,C0433,2025-05-25,3083
B001686,C0433,2025-04-10,10279
B001687,C0434,2024-10-29,5291
B001688,C0434,2024-03-10,9178
B001689,C0434,2025-08-13,11905
B001690,C0435,2024-04-01,2330
B001691,C0435,2024-07-02,15097
B001692,C0435,2024-09-21,15507
B001693,C0435,2024-09-19,14484
B001694,C0436,2024-05-06,18636
B001695,C0436,2025-05-14,1297
B001696,C0436,2025-01-07,9392
B001697,C0437,2025-02-22,4226
B001698,C0437,2025-03-27,12017
B001699,C0437,2025-06-08,10277
B001700,C0437,2025-01-17,2735
B001701,C0437,2025-11-29,13539
B001702,C0438,2025-04-05,8612
B001703,C0438,2025-11-29,1398
B001704,C0438,2025-09-27,1869
B001705,C0438,2024-09-07,18376
B001706,C0438,2024-01-09,5064
B001707,C0438,2024-04-17,9524
B001708,C0439,2024-06-11,18682
B001709,C0439,2025-02-12,2391
B001710,C0439,2024-08-16,12721
B001711,C0439,2025-04-18,3063
B001712,C0439,2024-12-23,15265
B001713,C0440,2025-10-19,17534
B001714,C0440,2025-04-21,3575
B001715,C0440,2024-03-28,5907
B001716,C0440,2024-04-20,13007
B001717,C0440,2025-03-19,6536
B001718,C0441,2024-12-02,2112
B001719,C0441,2024-11-20,11220
B001720,C0441,2025-09-10,15934
B001721,C0441,2024-08-05,15604
B001722,C0441,2024-04-27,9121
B001723,C0442,2024-02-09,17861
B001724,C0442,2024-06-08,15399
B001725,C0442,2024-05-29,6994
B001726,C0442,2024-11-23,18618
B001727,C0442,2024-02-02,19696
B001728,C0443,2024-03-04,11845
B001729,C0443,2025-03-16,15512
B001730,C0443,2024-08-06,1772
B001731,C0443,2024-08-04,751
B001732,C0443,2025-12-01,13858
B001733,C0444,2024-09-15,5770
B001734,C0444,2024-03-26,4644
B001735,C0444,2024-03-11,8975
B001736,C0444,2025-02-18,2677
B001737,C0445,2025-12-30,14792
B001738,C0445,2025-03-05,17195
B001739,C0445,2024-08-07,8501
B001740,C0445,2024-07-07,1761
B001741,C0446,2025-03-14,11207
B001742,C0446,2024-10-31,5391
B001743,C0447,2024-12-23,13733
B001744,C0447,2025-05-08,15581
B001745,C0447,2025-07-02,5265
B001746,C0448,2024-12-29,18688
B001747,C0448,2025-02-02,325
B001748,C0448,2025-07-28,19566
B001749,C0448,2024-07-22,2549
B001750,C0448,2025-11-14,18955
B001751,C0449,2024-05-28,10608
B001752,C0449,2025-11-11,10371
B001753,C0449,2024-01-15,4931
B001754,C0449,2025-04-14,4832
B001755,C0449,2025-05-26,10368
B001756,C0449,2024-04-26,13316
B001757,C0450,2025-06-17,120
B001758,C0450,2025-04-06,4119
B001759,C0450,2025-10-11,14723
B001760,C0450,2025-10-16,18952
B001761,C0451,2024-02-07,7163
B001762,C0451,2024-07-11,13768
B001763,C0452,2024-06-19,19691
B001764,C0452,2025-01-21,7082
B001765,C0452,2024-12-22,6873
B001766,C0452,2024-07-14,18901
B001767,C0452,2024-01-15,12132
B001768,C0452,2025-01-07,530
B001769,C0453,2024-11-10,16452
B001770,C0453,2024-05-07,16355
B001771,C0453,2025-10-26,14942
B001772,C0453,2025-02-27,13447
B001773,C0454,2024-12-26,17775
B001774,C0454,2025-03-12,17143
B001775,C0454,2024-12-09,3715
B001776,C0454,2024-06-29,15034
B001777,C0455,2025-01-17,5796
B001778,C0455,2025-07-20,19493
B001779,C0455,2024-06-15,17785
B001780,C0455,2025-03-22,12503
B001781,C0455,2024-10-18,14335
B001782,C0456,2025-12-19,3251
B001783,C0456,2024-03-30,3401
B001784,C0456,2024-04-01,538
B001785,C0456,2025-09-23,13476
B001786,C0457,2025-05-23,17849
B001787,C0457,2024-04-12,14552
B001788,C0458,2025-08-18,1069
B001789,C0458,2025-11-14,9499
B001790,C0458,2025-03-06,6942
B001791,C0458,2024-08-16,14897
B001792,C0458,2025-07-18,12487
B001793,C0458,2024-04-27,6408
B001794,C0459,2024-05-07,11488
B001795,C0459,2025-04-20,13531
B001796,C0459,2025-10-22,12969
B001797,C0459,2024-01-08,12276
B001798,C0459,2024-08-17,16631
B001799,C0460,2024-10-01,8667
B001800,C0460,2024-11-10,13589
B001801,C0460,2025-11-20,7915
B001802,C0460,2024-01-05,13584
B001803,C0461,2024-01-16,860
B001804,C0461,2024-06-06,12268
B001805,C0462,2025-09-06,10402
B001806,C0462,2024-12-09,5584
B001807,C0462,2025-08-08,14090
B001808,C0462,2024-09-04,18210
B001809,C0462,2025-02-04,6313
B001810,C0462,2025-09-23,12888
B001811,C0463,2025-08-14,14060
B001812,C0463,2024-05-11,12793
B001813,C0464,2025-02-16,10424
B001814,C0464,2025-06-13,5191
B001815,C0464,2025-03-23,7568
B001816,C0465,2025-12-28,4139
B001817,C0465,2025-05-31,3878
B001818,C0466,2025-02-05,8527
B001819,C0466,2025-07-20,5211
B001820,C0466,2024-11-26,6676
B001821,C0466,2024-04-05,3056
B001822,C0466,2024-01-27,14333
B001823,C0466,2024-01-12,19440
B001824,C0467,2024-01-29,17815
B001825,C0467,2024-03-21,18736
B001826,C0467,2025-01-26,828
B001827,C0468,2025-04-09,11734
B001828,C0468,2024-07-10,7855
B001829,C0468,2025-10-30,7266
B001830,C0469,2024-07-17,17544
B001831,C0469,2024-09-08,12389
B001832,C0469,2024-09-23,1695
B001833,C0469,2024-10-08,2718
B001834,C0470,2025-10-04,758
B001835,C0470,2025-10-15,18984
B001836,C0470,2024-04-15,3635
B001837,C0471,2025-09-02,4020
B001838,C0471,2024-04-19,4647
B001839,C0471,2024-10-16,8585
B001840,C0471,2024-07-03,3040
B001841,C0471,2024-03-20,16195
B001842,C0472,2024-07-31,12805
B001843,C0472,2024-04-13,16090
B001844,C0472,2024-01-23,13557
B001845,C0472,2024-03-16,15942
B001846,C0473,2024-08-03,13759
B001847,C0473,2025-01-19,10275
B001848,C0474,2024-06-13,5891
B001849,C0474,2024-11-01,332
B001850,C0474,2024-07-01,18589
B001851,C0474,2025-10-08,19878
B001852,C0474,2024-02-02,3840
B001853,C0475,2024-12-21,15856
B001854,C0475,2025-09-20,19660
B001855,C0475,2025-07-13,164
B001856,C0475,2024-06-11,17096
B001857,C0476,2024-05-04,6319
B001858,C0476,2025-09-12,968
B001859,C0476,2025-07-02,754
B001860,C0476,2025-06-14,16768
B001861,C0477,2024-08-09,11956
B001862,C0477,2024-04-27,7109
B001863,C0477,2024-01-31,10732
B001864,C0478,2024-08-13,2734
B001865,C0478,2025-12-09,4147
B001866,C0478,2024-10-01,8967
B001867,C0479,2024-07-23,3013
B001868,C0479,2024-12-22,18071
B001869,C0479,2025-10-29,9644
B001870,C0479,2025-04-23,16246
B001871,C0479,2025-03-22,16798
B001872,C0480,2024-07-16,8195
B001873,C0480,2024-06-26,6484
B001874,C0480,2025-12-04,9210
B001875,C0480,2025-02-06,3371
B001876,C0480,2025-08-20,19253
B001877,C0481,2024-06-18,6744
B001878,C0481,2025-05-14,14203
B001879,C0481,2025-04-01,13885
B001880,C0481,2025-09-02,8902
B001881,C0482,2025-09-29,3524
B001882,C0482,2025-09-13,12551
B001883,C0482,2025-03-15,6544
B001884,C0482,2025-08-03,11564
B001885,C0483,2025-10-09,2105
B001886,C0483,2025-04-05,5480
B001887,C0483,2024-02-04,16756
B001888,C0483,2024-09-16,19230
B001889,C0484,2024-10-27,19788
B001890,C0484,2025-10-22,17383
B001891,C0484,2024-12-26,13051
B001892,C0484,2024-01-31,3756
B001893,C0484,2024-07-03,10573
B001894,C0485,2024-07-09,11722
B001895,C0485,2024-09-08,2380
B001896,C0485,2024-08-08,12178
B001897,C0485,2025-01-15,4752
B001898,C0485,2024-11-17,4007
B001899,C0486,2024-11-22,357
B001900,C0486,2024-12-02,7004
B001901,C0487,2025-08-04,10536
B001902,C0487,2024-08-26,18403
B001903,C0487,2024-03-08,12635
B001904,C0487,2024-10-17,19719
B001905,C0487,2024-08-05,17277
B001906,C0488,2024-04-15,18381
B001907,C0488,2024-10-11,19919
B001908,C0488,2025-11-18,2451
B001909,C0489,2025-10-23,13819
B001910,C0489,2025-11-29,14260
B001911,C0489,2024-11-21,10489
B001912,C0489,2024-07-21,6459
B001913,C0489,2024-02-20,16185
B001914,C0489,2025-05-25,1533
B001915,C0490,2025-03-07,3907
B001916,C0490,2024-05-07,14836
B001917,C0490,2024-06-24,19707
B001918,C0490,2024-11-30,19371
B001919,C0491,2024-08-30,18887
B001920,C0491,2024-01-22,9340
B001921,C0491,2024-01-19,18866
B001922,C0491,2024-01-05,15131
B001923,C0491,2024-10-18,4294
B001924,C0492,2024-02-07,17480
B001925,C0492,2025-06-24,1281
B001926,C0492,2024-12-11,533
B001927,C0492,2024-03-12,15397
B001928,C0492,2024-04-07,13601
B001929,C0493,2024-10-08,10393
B001930,C0493,2024-12-20,13118
B001931,C0493,2024-03-22,18233
B001932,C0493,2024-11-16,16181
B001933,C0494,2024-02-18,12888
B001934,C0494,2024-11-01,14895
B001935,C0494,2025-05-20,3978
B001936,C0494,2025-01-17,3366
B001937,C0494,2024-01-30,7340
B001938,C0494,2024-02-18,340
B001939,C0495,2024-04-17,10579
B001940,C0495,2025-12-05,14276
B001941,C0495,2024-08-19,5576
B001942,C0496,2024-07-14,12087
B001943,C0496,2025-07-04,161
B001944,C0497,2024-09-22,1411
B001945,C0497,2024-04-23,1572
B001946,C0498,2024-03-17,8641
B001947,C0498,2024-12-03,12437
B001948,C0498,2024-10-03,5581
B001949,C0498,2024-05-21,19118
B001950,C0499,2024-05-02,4138
B001951,C0499,2024-11-22,4849
B001952,C0499,2025-08-21,13542
B001953,C0499,2025-10-14,14640
B001954,C0499,2025-11-15,4009
B001955,C0500,2025-06-24,7881
B001956,C0500,2025-08-14,15660
B001957,C0500,2025-11-08,16059
B001958,C0500,2024-10-14,10548
B001959,C0500,2025-05-09,7400
B001960,C0500,2024-04-04,8644
B001961,C0501,2025-12-29,2713
B001962,C0501,2024-12-27,18301
B001963,C0501,2024-09-05,6746
B001964,C0501,2025-12-12,2556
B001965,C0502,2025-05-21,1974
B001966,C0502,2024-08-05,430
B001967,C0503,2025-04-24,12617
B001968,C0503,2024-07-11,15979
B001969,C0503,2024-04-17,11155
B001970,C0504,2025-08-27,17289
B001971,C0504,2025-06-10,10268
B001972,C0504,2024-11-15,14877
B001973,C0505,2025-05-31,3462
B001974,C0505,2024-05-13,7169
B001975,C0505,2025-01-07,12634
B001976,C0506,2025-09-27,16825
B001977,C0506,2024-07-26,13113
B001978,C0506,2024-07-11,2249
B001979,C0506,2024-10-11,13863
B001980,C0506,2024-06-17,10064
B001981,C0507,2025-10-25,3344
B001982,C0507,2024-05-30,15104
B001983,C0507,2024-04-19,3611
B001984,C0507,2024-09-03,543
B001985,C0507,2025-04-16,6128
B001986,C0507,2024-09-30,936
B001987,C0508,2025-11-08,17396
B001988,C0508,2025-04-08,11532
B001989,C0508,2024-09-28,3877
B001990,C0508,2025-07-17,2754
B001991,C0508,2024-12-28,14138
B001992,C0509,2024-06-03,13006
B001993,C0509,2025-05-29,14118
B001994,C0509,2025-06-04,10935
B001995,C0510,2025-03-27,8932
B001996,C0510,2025-01-13,3205
B001997,C0511,2025-10-26,12534
B001998,C0511,2025-03-08,6354
B001999,C0512,2024-07-12,13195
B002000,C0512,2024-06-29,19465
B002001,C0512,2024-10-09,17352
B002002,C0512,2025-09-14,16174
B002003,C0513,2025-03-19,3577
B002004,C0513,2025-11-28,1634
B002005,C0513,2025-10-23,8157
B002006,C0513,2024-04-23,7195
B002007,C0513,2024-04-27,1741
B002008,C0513,2024-02-06,18849
B002009,C0514,2024-09-01,2157
B002010,C0514,2025-06-28,3310
B002011,C0514,2024-10-09,7420
B002012,C0514,2025-09-27,13256
B002013,C0515,2025-02-06,3319
B002014,C0515,2024-08-13,8790
B002015,C0515,2025-05-22,6740
B002016,C0515,2024-06-24,6670
B002017,C0515,2024-12-21,9436
B002018,C0516,2024-10-21,101
B002019,C0516,2024-04-06,6064
B002020,C0516,2025-05-30,15622
B002021,C0516,2024-11-08,7819
B002022,C0516,2024-06-23,10325
B002023,C0516,2025-11-28,2275
B002024,C0517,2024-07-10,10884
B002025,C0517,2025-04-11,4647
B002026,C0517,2024-01-14,15551
B002027,C0518,2024-12-08,682
B002028,C0518,2024-06-30,8645
B002029,C0518,2024-03-19,5594
B002030,C0518,2025-11-26,318
B002031,C0518,2025-08-31,11539
B002032,C0519,2025-08-20,32
B002033,C0519,2025-05-15,8110
B002034,C0519,2025-04-28,3584
B002035,C0519,2024-02-16,569
B002036,C0519,2025-08-03,9524
B002037,C0520,2025-06-21,16487
B002038,C0520,2024-06-20,4803
B002039,C0520,2024-04-06,3276
B002040,C0521,2024-12-09,14831
B002041,C0521,2025-05-17,11494
B002042,C0521,2025-07-12,8432
B002043,C0521,2025-11-10,15941
B002044,C0522,2025-01-08,15032
B002045,C0522,2024-01-14,11554
B002046,C0522,2024-11-04,10935
B002047,C0522,2025-06-14,19521
B002048,C0523,2024-04-25,8845
B002049,C0523,2025-12-03,17016
B002050,C0523,2025-10-17,679
B002051,C0523,2024-05-31,13445
B002052,C0523,2024-08-13,4641
B002053,C0524,2025-05-24,1012
B002054,C0524,2024-09-07,18926
B002055,C0524,2025-12-13,14113
B002056,C0524,2025-01-03,6760
B002057,C0525,2024-07-17,12379
B002058,C0525,2025-10-16,3536
B002059,C0526,2025-10-03,17855
B002060,C0526,2025-04-05,17265
B002061,C0526,2024-06-28,8693
B002062,C0526,2025-11-26,11430
B002063,C0527,2025-02-04,19305
B002064,C0527,2025-03-03,9052
B002065,C0527,2024-11-12,6244
B002066,C0527,2024-02-12,18989
B002067,C0528,2025-12-19,11248
B002068,C0528,2025-09-19,4029
B002069,C0528,2025-03-19,14910
B002070,C0528,2025-08-03,11370
B002071,C0528,2024-10-22,3610
B002072,C0528,2024-01-09,16348
B002073,C0529,2025-04-22,4922
B002074,C0529,2025-06-19,9495
B002075,C0529,2025-09-30,18289
B002076,C0530,2024-11-06,15952
B002077,C0530,2024-10-22,2117
B002078,C0530,2024-10-28,510
B002079,C0531,2024-02-11,7121
B002080,C0531,2024-10-16,19433
B002081,C0531,2024-05-06,1743
B002082,C0531,2025-05-15,10021
B002083,C0531,2024-01-06,14100
B002084,C0532,2025-11-07,21
B002085,C0532,2024-02-21,8238
B002086,C0532,2024-05-21,11475
B002087,C0532,2024-10-17,16449
B002088,C0533,2024-06-07,2818
B002089,C0533,2025-12-31,8869
B002090,C0533,2024-05-26,6446
B002091,C0533,2025-03-18,19176
B002092,C0533,2024-03-23,9529
B002093,C0533,2024-08-12,1053
B002094,C0534,2024-12-29,8150
B002095,C0534,2025-11-25,12656
B002096,C0534,2025-03-08,13078
B002097,C0534,2024-04-10,8560
B002098,C0534,2024-11-05,19563
B002099,C0535,2024-06-26,18478
B002100,C0535,2025-03-22,10567
B002101,C0535,2025-08-15,4560
B002102,C0535,2025-11-30,6537
B002103,C0536,2024-05-18,13641
B002104,C0536,2025-07-21,6537
B002105,C0536,2024-11-04,9994
B002106,C0536,2024-03-28,9743
B002107,C0537,2025-10-05,15111
B002108,C0537,2025-07-12,6008
B002109,C0537,2025-01-19,14316
B002110,C0537,2024-04-08,4541
B002111,C0537,2025-06-23,14480
B002112,C0537,2025-12-11,10264
B002113,C0538,2025-12-02,11716
B002114,C0538,2025-04-24,11606
B002115,C0538,2025-03-13,15287
B002116,C0538,2025-03-06,13443
B002117,C0538,2025-04-17,906
B002118,C0538,2025-07-26,865
B002119,C0539,2024-03-31,4606
B002120,C0539,2025-09-21,9908
B002121,C0539,2024-09-05,19016
B002122,C0539,2025-06-08,12226
B002123,C0539,2024-05-10,17801
B002124,C0540,2024-10-27,1754
B002125,C0540,2025-02-06,4126
B002126,C0540,2025-02-16,195
B002127,C0540,2025-04-18,16974
B002128,C0540,2025-04-16,1780
B002129,C0540,2024-03-27,1792
B002130,C0541,2025-10-27,3507
B002131,C0541,2024-12-07,19475
B002132,C0541,2024-04-09,9521
B002133,C0541,2025-08-02,15776
B002134,C0542,2024-03-03,3979
B002135,C0542,2025-08-21,16738
B002136,C0542,2024-02-24,6719
B002137,C0542,2025-06-12,4723
B002138,C0543,2025-05-22,4469
B002139,C0543,2024-08-16,5071
B002140,C0543,2024-11-04,10187
B002141,C0543,2024-01-07,15891
B002142,C0543,2025-09-30,6576
B002143,C0543,2024-04-27,2200
B002144,C0544,2024-06-05,19785
B002145,C0544,2024-05-03,17033
B002146,C0545,2024-09-10,6694
B002147,C0545,2024-04-16,15523
B002148,C0546,2025-06-01,14542
B002149,C0546,2025-02-04,1823
B002150,C0547,2024-11-03,13256
B002151,C0547,2025-05-10,6030
B002152,C0548,2025-07-13,8528
B002153,C0548,2025-09-19,14389
B002154,C0548,2025-11-04,4036
B002155,C0549,2024-05-29,709
B002156,C0549,2024-07-08,4642
B002157,C0549,2025-11-04,7886
B002158,C0549,2024-06-23,16761
B002159,C0549,2025-12-17,17913
B002160,C0550,2025-05-02,15743
B002161,C0550,2024-10-23,9484
B002162,C0550,2025-11-14,3277
B002163,C0551,2025-05-19,12036
B002164,C0551,2025-11-14,9017
B002165,C0551,2025-02-04,12642
B002166,C0551,2025-12-15,3517
B002167,C0551,2025-04-20,13660
B002168,C0551,2025-03-11,4855
B002169,C0552,2024-10-17,14977
B002170,C0552,2024-05-03,18488
B002171,C0553,2024-01-12,19023
B002172,C0553,2024-11-06,1116
B002173,C0553,2025-10-22,14564
B002174,C0553,2024-02-13,11623
B002175,C0553,2024-05-22,15332
B002176,C0554,2024-10-10,298
B002177,C0554,2024-06-11,11722
B002178,C0554,2025-05-27,16489
B002179,C0554,2024-08-03,11430
B002180,C0554,2025-12-24,17205
B002181,C0555,2025-06-09,2056
B002182,C0555,2024-06-27,4961
B002183,C0555,2024-12-26,18453
B002184,C0555,2024-12-13,15056
B002185,C0555,2024-05-23,9120
B002186,C0556,2025-02-07,2235
B002187,C0556,2025-10-22,15851
B002188,C0556,2025-01-20,15458
B002189,C0556,2025-09-12,5910
B002190,C0557,2025-12-26,16612
B002191,C0557,2025-11-05,17217
B002192,C0557,2024-09-22,4240
B002193,C0557,2025-12-15,10619
B002194,C0557,2025-08-25,19029
B002195,C0557,2024-12-22,19152
B002196,C0558,2025-02-17,2214
B002197,C0558,2024-02-16,967
B002198,C0558,2024-06-11,7592
B002199,C0558,2024-04-08,3480
B002200,C0558,2025-05-26,15611
B002201,C0558,2024-11-27,7586
B002202,C0559,2024-04-17,5701
B002203,C0559,2025-01-28,13764
B002204,C0559,2024-03-06,2029
B002205,C0560,2024-09-13,3751
B002206,C0560,2024-02-08,2388
B002207,C0560,2025-03-28,12265
B002208,C0560,2025-09-13,965
B002209,C0560,2024-06-27,10523
B002210,C0560,2024-04-20,14729
B002211,C0561,2024-05-16,18801
B002212,C0561,2025-07-23,6544
B002213,C0561,2024-07-19,8273
B002214,C0561,2025-05-17,14336
B002215,C0561,2025-11-26,9374
B002216,C0562,2024-07-25,5311
B002217,C0562,2025-03-20,17318
B002218,C0562,2024-07-15,2818
B002219,C0563,2024-01-25,3152
B002220,C0563,2024-07-27,1089
B002221,C0563,2024-05-23,171
B002222,C0563,2025-01-03,13370
B002223,C0563,2025-08-04,17910
B002224,C0563,2024-03-14,11164
B002225,C0564,2025-11-29,17306
B002226,C0564,2025-05-23,6230
B002227,C0564,2024-07-31,18689
B002228,C0565,2025-05-27,11537
B002229,C0565,2024-12-31,18307
B002230,C0565,2024-05-21,2200
B002231,C0565,2025-03-25,14008
B002232,C0565,2025-10-02,12324
B002233,C0566,2025-08-05,2560
B002234,C0566,2024-05-10,16949
B002235,C0567,2024-04-13,3864
B002236,C0567,2025-05-25,7555
B002237,C0567,2024-02-22,19709
B002238,C0567,2025-07-07,10843
B002239,C0568,2024-08-17,9499
B002240,C0568,2024-09-14,12793
B002241,C0569,2024-03-10,5172
B002242,C0569,2024-10-21,2450
B002243,C0569,2025-07-01,18853
B002244,C0569,2024-09-04,16965
B002245,C0570,2025-05-27,10231
B002246,C0570,2025-02-12,1856
B002247,C0570,2025-07-13,3633
B002248,C0570,2025-08-19,15433
B002249,C0570,2024-09-26,982
B002250,C0570,2024-02-03,11077
B002251,C0571,2024-09-24,6570
B002252,C0571,2024-12-08,1946
B002253,C0571,2024-05-22,6692
B002254,C0571,2025-07-14,10800
B002255,C0571,2025-11-10,2042
B002256,C0572,2025-05-20,2389
B002257,C0572,2025-07-31,19988
B002258,C0572,2025-12-20,1158
B002259,C0573,2024-03-13,13639
B002260,C0573,2025-09-04,2640
B002261,C0573,2025-07-18,15688
B002262,C0573,2024-05-12,8864
B002263,C0574,2024-04-16,1166
B002264,C0574,2025-05-23,16633
B002265,C0575,2025-10-27,11477
B002266,C0575,2025-03-17,15649
B002267,C0575,2024-11-06,7463
B002268,C0576,2024-02-26,863
B002269,C0576,2024-07-19,17504
B002270,C0577,2025-01-23,592
B002271,C0577,2025-07-19,15799
B002272,C0577,2024-02-23,12685
B002273,C0577,2025-01-21,4103
B002274,C0577,2025-03-16,13986
B002275,C0577,2025-07-16,4514
B002276,C0578,2025-03-24,3866
B002277,C0578,2025-09-22,12049
B002278,C0579,2024-07-17,11243
B002279,C0579,2025-03-23,1898
B002280,C0579,2024-08-31,7603
B002281,C0579,2024-04-04,19287
B002282,C0580,2024-08-20,13535
B002283,C0580,2025-07-03,18613
B002284,C0581,2024-01-16,8189
B002285,C0581,2024-02-28,2510
B002286,C0582,2024-05-09,14370
B002287,C0582,2024-07-03,9260
B002288,C0583,2024-11-17,11457
B002289,C0583,2025-09-08,8003
B002290,C0584,2024-05-12,19861
B002291,C0584,2025-02-11,15686
B002292,C0584,2025-11-04,4010
B002293,C0584,2025-11-03,2516
B002294,C0585,2024-09-13,17814
B002295,C0585,2024-07-29,16217
B002296,C0586,2024-08-13,14533
B002297,C0586,2025-12-31,9919
B002298,C0586,2025-01-10,18068
B002299,C0586,2024-10-26,8002
B002300,C0587,2024-09-30,10448
B002301,C0587,2025-12-15,17741
B002302,C0587,2025-05-30,3420
B002303,C0587,2024-02-25,11358
B002304,C0587,2025-02-24,15932
B002305,C0587,2024-10-13,2570
B002306,C0588,2024-05-20,17071
B002307,C0588,2024-08-24,9992
B002308,C0588,2025-07-20,6906
B002309,C0589,2025-01-16,4651
B002310,C0589,2024-02-06,7703
B002311,C0590,2025-10-27,14868
B002312,C0590,2024-04-26,697
B002313,C0590,2025-05-25,1106
B002314,C0590,2024-10-03,9108
B002315,C0590,2025-08-25,12588
B002316,C0591,2024-03-27,1956
B002317,C0591,2024-10-12,19980
B002318,C0591,2025-01-28,16231
B002319,C0591,2024-01-20,12536
B002320,C0592,2025-03-30,1455
B002321,C0592,2024-08-17,6741
B002322,C0592,2025-01-23,6043
B002323,C0592,2025-11-06,14125
B002324,C0592,2025-06-29,1712
B002325,C0593,2024-02-02,17745
B002326,C0593,2024-12-22,851
B002327,C0593,2025-09-15,11017
B002328,C0593,2024-09-25,19364
B002329,C0594,2024-01-29,11172
B002330,C0594,2025-09-28,14223
B002331,C0594,2025-03-13,1871
B002332,C0595,2025-07-20,12717
B002333,C0595,2025-11-25,9418
B002334,C0596,2025-04-19,13888
B002335,C0596,2025-08-09,18622
B002336,C0596,2025-06-15,8522
B002337,C0596,2024-06-15,12494
B002338,C0596,2025-04-23,7806
B002339,C0596,2024-05-15,497
B002340,C0597,2025-11-29,8991
B002341,C0597,2024-03-28,8189
B002342,C0597,2025-07-09,9693
B002343,C0597,2024-12-11,18713
B002344,C0598,2024-02-09,8987
B002345,C0598,2025-01-05,8806
B002346,C0598,2025-11-06,8208
B002347,C0598,2025-10-30,19922
B002348,C0598,2024-01-13,4073
B002349,C0599,2025-08-05,10518
B002350,C0599,2024-09-27,5858
B002351,C0599,2025-03-30,15162
B002352,C0599,2024-01-18,14414
B002353,C0600,2025-04-22,1212
B002354,C0600,2025-01-02,15735
B002355,C0601,2024-08-11,13389
B002356,C0601,2024-02-29,18991
B002357,C0601,2024-03-22,9058
B002358,C0601,2025-09-16,18069
B002359,C0601,2024-11-17,2098
B002360,C0601,2025-03-27,5891
B002361,C0602,2024-10-09,8504
B002362,C0602,2025-05-21,4168
B002363,C0602,2024-08-20,5717
B002364,C0602,2024-05-30,1624
B002365,C0603,2024-04-27,1261
B002366,C0603,2024-07-07,16604
B002367,C0603,2025-03-26,19001
B002368,C0604,2024-02-12,18134
B002369,C0604,2024-08-21,1992
B002370,C0604,2024-09-22,8435
B002371,C0604,2024-01-17,11578
B002372,C0605,2024-02-15,19679
B002373,C0605,2024-08-28,11459
B002374,C0605,2024-04-21,2538
B002375,C0605,2025-06-03,14542
B002376,C0605,2024-04-25,16745
B002377,C0605,2024-03-20,7765
B002378,C0606,2024-11-29,18689
B002379,C0606,2025-01-15,13630
B002380,C0606,2024-03-14,13974
B002381,C0607,2024-05-26,809
B002382,C0607,2024-11-30,19889
B002383,C0607,2025-01-03,10976
B002384,C0607,2025-02-21,12278
B002385,C0608,2024-10-28,1020
B002386,C0608,2024-06-13,12068
B002387,C0608,2024-02-15,9531
B002388,C0608,2024-06-02,19373
B002389,C0608,2024-01-27,3481
B002390,C0609,2024-08-04,10259
B002391,C0609,2025-06-07,16652
B002392,C0609,2025-08-18,11273
B002393,C0609,2024-08-08,12413
B002394,C0609,2025-08-19,1068
B002395,C0609,2025-11-03,4917
B002396,C0610,2025-10-26,2570
B002397,C0610,2024-03-20,7359
B002398,C0610,2025-08-01,16498
B002399,C0610,2025-08-11,17964
B002400,C0610,2025-03-04,17660
B002401,C0611,2025-06-24,1685
B002402,C0611,2025-09-13,15477
B002403,C0612,2025-06-16,14451
B002404,C0612,2024-11-20,8820
B002405,C0612,2024-07-18,18849
B002406,C0612,2024-10-27,7996
B002407,C0612,2024-12-02,7965
B002408,C0612,2025-01-05,7565
B002409,C0613,2024-11-18,3781
B002410,C0613,2025-12-10,7898
B002411,C0613,2025-03-31,13432
B002412,C0613,2025-01-05,2611
B002413,C0613,2024-12-26,18365
B002414,C0614,2024-03-19,11871
B002415,C0614,2025-10-31,15864
B002416,C0614,2025-09-11,7548
B002417,C0614,2025-04-04,13724
B002418,C0614,2024-08-23,18656
B002419,C0614,2024-05-08,17616
B002420,C0615,2025-02-21,19161
B002421,C0615,2025-11-12,4526
B002422,C0615,2025-09-12,8528
B002423,C0616,2024-12-15,10284
B002424,C0616,2024-04-30,2670
B002425,C0616,2025-02-22,13796
B002426,C0616,2025-06-01,4862
B002427,C0617,2025-05-21,6491
B002428,C0617,2024-07-03,14878
B002429,C0617,2024-01-16,5464
B002430,C0617,2024-05-03,13717
B002431,C0617,2024-09-26,18172
B002432,C0617,2025-12-29,15396
B002433,C0618,2024-05-09,1116
B002434,C0618,2025-03-17,784
B002435,C0619,2024-03-15,4337
B002436,C0619,2025-06-11,17344
B002437,C0619,2025-02-01,13839
B002438,C0620,2024-05-10,13183
B002439,C0620,2025-12-14,18249
B002440,C0620,2024-09-04,9613
B002441,C0620,2024-05-01,11036
B002442,C0621,2025-08-28,19947
B002443,C0621,2025-09-23,3531
B002444,C0621,2024-02-16,2416
B002445,C0621,2024-12-29,14709
B002446,C0622,2025-10-07,14737
B002447,C0622,2025-03-22,9479
B002448,C0622,2025-05-03,4410
B002449,C0622,2024-07-06,19318
B002450,C0622,2025-06-05,2745
B002451,C0623,2024-01-08,19449
B002452,C0623,2025-08-30,12120
B002453,C0623,2025-11-21,14861
B002454,C0624,2024-11-24,14371
B002455,C0624,2024-06-29,16668
B002456,C0624,2025-08-25,9152
B002457,C0624,2024-04-09,7610
B002458,C0624,2024-10-31,16164
B002459,C0625,2024-02-19,18485
B002460,C0625,2025-06-14,17209
B002461,C0625,2025-08-16,16653
B002462,C0625,2025-03-12,9347
B002463,C0626,2025-01-28,10439
B002464,C0626,2024-07-01,4692
B002465,C0626,2024-02-12,6903
B002466,C0626,2025-03-16,17011
B002467,C0627,2025-08-11,10301
B002468,C0627,2024-04-11,11381
B002469,C0627,2024-10-18,5426
B002470,C0627,2024-05-01,9432
B002471,C0628,2025-05-13,14382
B002472,C0628,2024-08-17,5548
B002473,C0628,2024-10-22,8500
B002474,C0628,2025-09-12,3477
B002475,C0629,2025-11-13,9130
B002476,C0629,2024-05-24,3144
B002477,C0629,2024-07-30,18093
B002478,C0630,2024-06-21,896
B002479,C0630,2025-09-04,1302
B002480,C0630,2025-07-06,17626
B002481,C0630,2024-07-18,218
B002482,C0630,2025-05-15,844
B002483,C0630,2025-01-13,6656
B002484,C0631,2025-08-07,13975
B002485,C0631,2025-03-31,17068
B002486,C0631,2024-05-09,14871
B002487,C0631,2024-10-29,3591
B002488,C0632,2025-03-31,14164
B002489,C0632,2025-05-20,8619
B002490,C0633,2024-05-20,9124
B002491,C0633,2025-11-15,3816
B002492,C0634,2024-03-21,7288
B002493,C0634,2024-03-17,10718
B002494,C0634,2024-06-09,16615
B002495,C0634,2024-12-09,9047
B002496,C0635,2025-10-07,16804
B002497,C0635,2025-11-19,2427
B002498,C0635,2025-12-24,10315
B002499,C0635,2024-02-09,14200
B002500,C0635,2024-04-12,17081
B002501,C0636,2024-07-13,18290
B002502,C0636,2025-11-07,1167
B002503,C0636,2025-10-11,261
B002504,C0636,2024-09-08,4485
B002505,C0637,2025-01-20,7215
B002506,C0637,2025-11-20,6411
B002507,C0637,2024-09-28,15404
B002508,C0637,2024-06-04,15876
B002509,C0637,2024-07-10,16276
B002510,C0637,2024-10-16,4318
B002511,C0638,2025-10-12,2906
B002512,C0638,2025-06-12,7018
B002513,C0638,2024-01-04,14231
B002514,C0639,2025-05-17,18275
B002515,C0639,2025-09-17,6833
B002516,C0640,2024-02-09,13702
B002517,C0640,2025-12-05,8620
B002518,C0640,2025-09-20,12461
B002519,C0641,2024-08-28,11426
B002520,C0641,2025-05-10,17382
B002521,C0641,2025-11-03,5900
B002522,C0641,2024-11-03,7598
B002523,C0641,2024-10-26,15894
B002524,C0641,2025-05-16,12851
B002525,C0642,2024-12-31,17806
B002526,C0642,2025-05-07,9680
B002527,C0642,2024-04-08,7173
B002528,C0642,2024-04-25,9413
B002529,C0642,2025-03-05,14652
B002530,C0642,2024-11-29,8106
B002531,C0643,2024-04-28,5773
B002532,C0643,2025-04-20,10449
B002533,C0643,2025-11-07,3720
B002534,C0643,2024-12-21,13044
B002535,C0643,2025-12-22,4196
B002536,C0644,2025-05-15,19695
B002537,C0644,2025-02-25,7695
B002538,C0644,2024-01-30,9533
B002539,C0644,2024-10-01,16629
B002540,C0644,2024-08-08,13402
B002541,C0645,2025-07-29,10590
B002542,C0645,2024-09-24,10407
B002543,C0646,2025-02-04,14481
B002544,C0646,2025-03-11,13063
B002545,C0646,2024-09-23,1790
B002546,C0646,2024-10-01,15909
B002547,C0646,2024-08-12,11135
B002548,C0647,2024-11-11,14668
B002549,C0647,2025-02-23,7251
B002550,C0648,2024-06-19,17564
B002551,C0648,2024-07-30,3614
B002552,C0648,2025-09-20,10803
B002553,C0648,2024-05-12,19823
B002554,C0648,2025-07-06,652
B002555,C0648,2024-01-22,12425
B002556,C0649,2025-12-22,10921
B002557,C0649,2024-12-27,18117
B002558,C0650,2025-11-01,1612
B002559,C0650,2025-06-15,6896
B002560,C0651,2025-07-02,6502
B002561,C0651,2024-06-09,17553
B002562,C0651,2025-02-09,7514
B002563,C0651,2024-10-24,5288
B002564,C0652,2024-12-05,13546
B002565,C0652,2024-08-08,18119
B002566,C0652,2024-09-11,446
B002567,C0652,2024-02-06,656
B002568,C0653,2024-04-14,16433
B002569,C0653,2025-02-11,15889
B002570,C0653,2024-02-13,5142
B002571,C0653,2024-10-16,9878
B002572,C0653,2024-01-25,7536
B002573,C0653,2025-10-08,8103
B002574,C0654,2024-10-05,4051
B002575,C0654,2025-01-21,13131
B002576,C0655,2024-10-03,2782
B002577,C0655,2024-03-19,2421
B002578,C0655,2025-05-31,13611
B002579,C0656,2024-01-16,17750
B002580,C0656,2025-09-11,4975
B002581,C0657,2025-08-25,12816
B002582,C0657,2024-07-17,19847
B002583,C0658,2024-11-27,13931
B002584,C0658,2025-06-08,767
B002585,C0658,2024-11-05,8980
B002586,C0658,2025-04-14,6640
B002587,C0659,2024-09-27,18880
B002588,C0659,2025-04-27,12339
B002589,C0660,2025-03-15,3049
B002590,C0660,2024-08-15,13314
B002591,C0660,2025-07-28,9127
B002592,C0660,2025-05-09,9319
B002593,C0661,2025-06-02,8015
B002594,C0661,2025-01-26,564
B002595,C0661,2025-05-23,12898
B002596,C0661,2025-01-16,17910
B002597,C0661,2024-04-20,14819
B002598,C0661,2024-08-17,18935
B002599,C0662,2025-02-10,7605
B002600,C0662,2025-04-02,12118
B002601,C0663,2025-07-30,3570
B002602,C0663,2025-10-20,10178
B002603,C0663,2024-12-06,4711
B002604,C0663,2025-10-07,2740
B002605,C0663,2024-04-07,18379
B002606,C0664,2024-07-31,16050
B002607,C0664,2025-08-30,8190
B002608,C0664,2024-03-26,4631
B002609,C0665,2025-09-23,15516
B002610,C0665,2025-06-19,18567
B002611,C0665,2024-08-26,1931
B002612,C0665,2025-05-20,8258
B002613,C0665,2025-02-25,10205
B002614,C0666,2024-06-03,1196
B002615,C0666,2024-11-25,18524
B002616,C0666,2025-09-05,13321
B002617,C0666,2024-01-06,8786
B002618,C0667,2025-07-29,16014
B002619,C0667,2025-07-12,16377
B002620,C0667,2024-11-16,7724
B002621,C0668,2025-04-17,15826
B002622,C0668,2025-06-10,18179
B002623,C0668,2024-03-24,3442
B002624,C0668,2025-03-11,2539
B002625,C0669,2024-05-10,446
B002626,C0669,2024-06-14,17037
B002627,C0669,2024-05-04,5445
B002628,C0669,2024-07-21,14339
B002629,C0669,2024-04-26,1279
B002630,C0670,2025-05-22,5594
B002631,C0670,2025-10-03,17189
B002632,C0670,2025-05-13,4583
B002633,C0670,2025-07-14,13701
B002634,C0670,2025-02-12,303
B002635,C0671,2024-04-30,14269
B002636,C0671,2024-10-28,8883
B002637,C0671,2025-06-19,10563
B002638,C0671,2025-09-21,12177
B002639,C0672,2025-10-27,5437
B002640,C0672,2024-05-24,9509
B002641,C0672,2025-06-19,6699
B002642,C0672,2025-09-20,12165
B002643,C0672,2025-06-15,19808
B002644,C0672,2024-09-14,15470
B002645,C0673,2024-08-03,10819
B002646,C0673,2024-05-18,5381
B002647,C0673,2025-06-20,15527
B002648,C0673,2024-01-11,10410
B002649,C0673,2025-03-02,5872
B002650,C0674,2025-04-26,2197
B002651,C0674,2024-01-06,10218
B002652,C0674,2025-12-19,6149
B002653,C0675,2025-12-11,3075
B002654,C0675,2025-07-04,15027
B002655,C0675,2024-12-04,3103
B002656,C0676,2025-10-01,15358
B002657,C0676,2025-08-31,5126
B002658,C0677,2024-12-24,18322
B002659,C0677,2024-08-19,11303
B002660,C0678,2024-07-16,8997
B002661,C0678,2024-10-18,13964
B002662,C0679,2024-11-09,12034
B002663,C0679,2025-10-01,13214
B002664,C0679,2024-09-17,18386
B002665,C0679,2025-07-08,6638
B002666,C0679,2024-03-20,19419
B002667,C0679,2024-06-05,3374
B002668,C0680,2024-10-13,5843
B002669,C0680,2024-09-26,18470
B002670,C0680,2024-04-14,4151
B002671,C0681,2025-08-24,12548
B002672,C0681,2024-12-04,18863
B002673,C0681,2025-08-29,19817
B002674,C0681,2024-10-10,15512
B002675,C0681,2024-08-02,5508
B002676,C0681,2024-01-03,7596
B002677,C0682,2024-04-03,4800
B002678,C0682,2024-05-26,5400
B002679,C0682,2025-05-01,8
B002680,C0683,2024-03-20,1710
B002681,C0683,2024-05-20,16767
B002682,C0683,2025-03-26,13939
B002683,C0683,2025-11-11,15456
B002684,C0684,2024-11-05,16396
B002685,C0684,2024-04-30,7889
B002686,C0684,2025-07-27,12885
B002687,C0684,2025-01-21,12633
B002688,C0685,2024-12-29,10215
B002689,C0685,2025-06-18,10386
B002690,C0685,2025-06-27,2562
B002691,C0685,2025-09-11,7009
B002692,C0685,2024-06-19,9100
B002693,C0686,2025-03-23,18366
B002694,C0686,2025-03-28,16059
B002695,C0686,2025-12-12,8209
B002696,C0687,2025-07-25,14267
B002697,C0687,2025-10-29,11409
B002698,C0688,2024-01-26,11982
B002699,C0688,2025-04-22,11337
B002700,C0688,2025-03-10,7005
B002701,C0689,2025-07-27,6258
B002702,C0689,2025-01-26,12261
B002703,C0689,2024-07-02,349
B002704,C0689,2024-07-19,14486
B002705,C0689,2025-01-04,17236
B002706,C0689,2024-07-18,183
B002707,C0690,2024-11-13,10762
B002708,C0690,2024-04-06,12087
B002709,C0690,2024-09-16,16475
B002710,C0690,2024-01-14,19882
B002711,C0690,2024-10-06,1098
B002712,C0690,2025-10-24,9009
B002713,C0691,2025-02-11,1439
B002714,C0691,2025-12-13,8291
B002715,C0691,2024-10-07,1875
B002716,C0691,2025-08-08,997
B002717,C0691,2025-04-27,19908
B002718,C0692,2025-05-17,5694
B002719,C0692,2025-04-29,17877
B002720,C0692,2024-04-16,1251
B002721,C0692,2025-01-13,944
B002722,C0692,2025-09-19,5019
B002723,C0693,2024-05-14,2713
B002724,C0693,2025-03-05,3913
B002725,C0693,2024-02-27,14528
B002726,C0694,2024-11-17,3194
B002727,C0694,2025-07-11,9092
B002728,C0695,2025-11-01,546
B002729,C0695,2024-12-06,10370
B002730,C0695,2025-12-27,5544
B002731,C0696,2025-01-10,16919
B002732,C0696,2024-01-15,13211
B002733,C0696,2025-03-02,2014
B002734,C0696,2024-03-07,6322
B002735,C0696,2025-05-28,4833
B002736,C0696,2024-09-30,2751
B002737,C0697,2025-03-30,1458
B002738,C0697,2024-10-09,19940
B002739,C0697,2024-07-22,16563
B002740,C0698,2024-06-26,105
B002741,C0698,2024-11-14,8970
B002742,C0698,2025-07-28,11491
B002743,C0698,2024-04-30,11188
B002744,C0698,2025-04-22,18617
B002745,C0699,2025-08-02,15171
B002746,C0699,2024-03-31,3809
B002747,C0700,2024-07-05,2831
B002748,C0700,2024-07-09,10403
B002749,C0701,2025-10-03,658
B002750,C0701,2024-06-22,342
B002751,C0701,2024-08-10,12272
B002752,C0701,2025-04-16,2663
B002753,C0701,2024-09-09,10085
B002754,C0701,2025-11-28,6261
B002755,C0702,2024-11-13,1747
B002756,C0702,2025-01-23,9406
B002757,C0702,2024-07-01,9141
B002758,C0703,2025-08-01,10339
B002759,C0703,2025-02-27,7404
B002760,C0703,2024-07-11,8939
B002761,C0704,2024-06-30,9664
B002762,C0704,2024-09-22,14404
B002763,C0704,2024-09-27,3028
B002764,C0705,2024-12-29,18962
B002765,C0705,2025-01-07,11431
B002766,C0705,2025-10-19,17139
B002767,C0705,2025-04-05,5586
B002768,C0705,2024-02-07,19176
B002769,C0706,2024-06-08,17627
B002770,C0706,2025-08-05,6902
B002771,C0706,2025-12-20,14216
B002772,C0706,2024-12-21,9459
B002773,C0706,2024-07-31,11212
B002774,C0707,2025-07-18,8812
B002775,C0707,2024-04-02,16818
B002776,C0707,2024-08-03,8461
B002777,C0707,2024-08-11,15325
B002778,C0707,2024-09-24,1030
B002779,C0707,2024-04-28,16942
B002780,C0708,2025-05-01,4581
B002781,C0708,2025-04-23,19228
B002782,C0708,2024-11-26,12198
B002783,C0709,2025-01-21,19280
B002784,C0709,2024-02-04,10563
B002785,C0709,2025-12-19,3427
B002786,C0709,2025-10-06,11759
B002787,C0709,2024-01-09,5201
B002788,C0709,2025-03-07,15581
B002789,C0710,2024-12-10,3283
B002790,C0710,2024-07-10,11731
B002791,C0710,2024-11-09,5332
B002792,C0710,2025-04-23,17916
B002793,C0711,2024-01-23,14385
B002794,C0711,2025-09-23,14956
B002795,C0711,2025-08-30,18873
B002796,C0712,2025-02-12,15518
B002797,C0712,2024-09-06,8276
B002798,C0712,2025-01-17,19691
B002799,C0712,2024-12-11,15812
B002800,C0712,2025-11-25,13144
B002801,C0713,2024-02-11,7677
B002802,C0713,2025-06-03,3534
B002803,C0713,2025-03-07,13955
B002804,C0713,2024-10-02,18923
B002805,C0714,2025-08-30,935
B002806,C0714,2024-06-16,16783
B002807,C0714,2024-06-19,9849
B002808,C0714,2025-09-03,17173
B002809,C0714,2024-07-22,18611
B002810,C0715,2024-05-13,10916
B002811,C0715,2024-02-25,2962
B002812,C0715,2024-11-12,4635
B002813,C0716,2025-04-14,12975
B002814,C0716,2024-06-18,15092
B002815,C0716,2024-01-01,4832
B002816,C0716,2024-07-24,5638
B002817,C0717,2024-11-10,2633
B002818,C0717,2024-07-08,7739
B002819,C0717,2024-07-27,14304
B002820,C0717,2024-04-02,8019
B002821,C0718,2025-12-02,18197
B002822,C0718,2025-01-18,162
B002823,C0718,2025-05-03,5220
B002824,C0719,2024-04-12,15427
B002825,C0719,2025-07-17,12912
B002826,C0719,2025-12-16,6962
B002827,C0719,2025-04-28,12330
B002828,C0720,2025-12-24,7954
B002829,C0720,2024-04-08,12700
B002830,C0720,2024-05-11,10431
B002831,C0720,2024-05-16,13103
B002832,C0720,2024-11-30,9279
B002833,C0721,2025-09-03,12905
B002834,C0721,2025-06-30,2348
B002835,C0721,2024-12-21,16000
B002836,C0721,2025-11-16,19216
B002837,C0721,2024-01-28,7264
B002838,C0722,2024-07-01,7705
B002839,C0722,2025-01-12,11871
B002840,C0722,2024-12-14,16431
B002841,C0722,2024-01-02,19633
B002842,C0722,2025-02-11,2531
B002843,C0722,2025-10-23,7539
B002844,C0723,2025-05-26,6159
B002845,C0723,2024-02-15,6921
B002846,C0723,2024-11-05,14267
B002847,C0724,2024-12-13,12585
B002848,C0724,2025-10-31,5894
B002849,C0725,2024-06-03,9337
B002850,C0725,2024-11-14,12675
B002851,C0725,2025-11-22,15750
B002852,C0725,2024-02-05,8553
B002853,C0725,2025-03-07,5882
B002854,C0726,2025-02-11,16952
B002855,C0726,2024-04-18,15234
B002856,C0726,2024-03-25,11347
B002857,C0727,2025-11-02,13253
B002858,C0727,2024-01-13,5271
B002859,C0728,2024-05-11,18831
B002860,C0728,2025-06-03,12582
B002861,C0728,2025-12-03,14899
B002862,C0728,2024-01-12,15929
B002863,C0729,2025-03-08,1786
B002864,C0729,2024-11-06,13925
B002865,C0729,2024-09-21,3799
B002866,C0729,2025-09-10,14754
B002867,C0729,2025-05-29,12216
B002868,C0730,2025-12-30,10979
B002869,C0730,2025-07-01,11955
B002870,C0730,2024-04-24,5860
B002871,C0730,2025-03-10,17423
B002872,C0730,2025-01-27,2621
B002873,C0731,2024-01-08,11046
B002874,C0731,2025-12-25,19338
B002875,C0731,2024-09-21,6475
B002876,C0732,2025-09-21,14909
B002877,C0732,2025-03-21,1590
B002878,C0732,2025-04-20,9231
B002879,C0732,2024-02-10,3982
B002880,C0732,2025-05-16,15081
B002881,C0732,2025-01-10,1640
B002882,C0733,2025-12-03,12101
B002883,C0733,2024-09-15,13949
B002884,C0733,2024-12-11,9704
B002885,C0733,2024-01-25,17784
B002886,C0733,2024-09-30,5856
B002887,C0733,2024-10-27,11694
B002888,C0734,2024-01-18,14639
B002889,C0734,2024-11-28,9754
B002890,C0734,2025-10-13,1167
B002891,C0734,2025-09-02,3659
B002892,C0734,2024-12-31,1199
B002893,C0735,2025-02-09,8147
B002894,C0735,2024-06-28,2754
B002895,C0735,2025-07-01,3098
B002896,C0735,2024-05-09,4739
B002897,C0735,2025-10-10,16169
B002898,C0735,2025-03-17,9001
B002899,C0736,2025-04-14,7998
B002900,C0736,2025-06-20,18647
B002901,C0736,2025-04-14,1331
B002902,C0736,2024-03-19,10701
B002903,C0737,2024-02-09,4808
B002904,C0737,2025-09-15,3313
B002905,C0737,2025-01-26,16797
B002906,C0737,2024-03-21,11068
B002907,C0738,2025-03-08,13131
B002908,C0738,2024-01-23,6027
B002909,C0738,2024-09-20,2597
B002910,C0738,2025-03-19,3815
B002911,C0739,2025-08-07,8551
B002912,C0739,2024-11-06,16844
B002913,C0739,2025-07-06,7987
B002914,C0740,2025-01-18,18787
B002915,C0740,2025-04-29,7051
B002916,C0741,2024-10-08,6085
B002917,C0741,2024-10-10,16435
B002918,C0741,2025-11-18,1498
B002919,C0741,2025-09-11,13063
B002920,C0741,2024-07-04,9336
B002921,C0742,2024-01-06,13342
B002922,C0742,2024-07-31,613
B002923,C0742,2025-02-28,4252
B002924,C0742,2024-10-08,8750
B002925,C0743,2025-09-05,10425
B002926,C0743,2024-04-09,7252
B002927,C0743,2024-08-18,592
B002928,C0743,2025-12-27,10636
B002929,C0743,2024-08-14,2088
B002930,C0744,2024-10-21,19966
B002931,C0744,2025-04-16,19264
B002932,C0744,2025-03-06,19504
B002933,C0744,2024-12-02,17742
B002934,C0744,2025-02-02,15584
B002935,C0744,2025-07-25,411
B002936,C0745,2024-12-14,10474
B002937,C0745,2024-12-20,14561
B002938,C0745,2024-06-04,15137
B002939,C0745,2025-05-25,6902
B002940,C0746,2025-12-15,5570
B002941,C0746,2025-11-20,12781
B002942,C0746,2024-09-18,13203
B002943,C0746,2024-02-03,18720
B002944,C0746,2024-03-21,15942
B002945,C0746,2025-07-28,11314
B002946,C0747,2024-07-31,17353
B002947,C0747,2025-01-13,9962
B002948,C0748,2024-11-18,14794
B002949,C0748,2025-11-21,15315
B002950,C0748,2024-01-31,5108
B002951,C0748,2025-10-01,19167
B002952,C0749,2025-10-01,11522
B002953,C0749,2025-08-01,14140
B002954,C0749,2025-03-01,767
B002955,C0750,2025-07-23,16081
B002956,C0750,2024-08-28,12297
B002957,C0750,2025-07-04,4315
B002958,C0750,2025-01-22,19894
B002959,C0751,2024-04-09,12967
B002960,C0751,2024-08-11,6924
B002961,C0752,2025-08-07,9481
B002962,C0752,2024-07-01,5213
B002963,C0753,2025-07-17,13386
B002964,C0753,2024-12-26,7135
B002965,C0753,2025-03-04,19636
B002966,C0753,2024-10-12,10466
B002967,C0753,2025-01-06,3461
B002968,C0754,2025-05-29,17551
B002969,C0754,2025-06-29,12850
B002970,C0754,2024-08-18,13237
B002971,C0754,2025-05-21,15201
B002972,C0755,2025-04-05,5143
B002973,C0755,2024-06-30,13108
B002974,C0755,2024-10-22,109
B002975,C0755,2025-06-29,10946
B002976,C0756,2025-11-02,5644
B002977,C0756,2025-11-30,3221
B002978,C0756,2025-01-27,19010
B002979,C0756,2025-10-30,13700
B002980,C0756,2025-03-04,13444
B002981,C0757,2025-10-13,951
B002982,C0757,2025-09-25,7346
B002983,C0757,2024-05-21,19978
B002984,C0758,2025-05-30,2638
B002985,C0758,2025-09-05,18696
B002986,C0758,2025-02-22,748
B002987,C0758,2024-11-28,19982
B002988,C0758,2024-09-12,5454
B002989,C0758,2025-08-05,15463
B002990,C0759,2025-01-14,744
B002991,C0759,2025-09-07,12757
B002992,C0760,2025-06-07,6325
B002993,C0760,2024-06-14,15000
B002994,C0760,2025-01-12,7841
B002995,C0760,2024-06-28,15472
B002996,C0760,2025-12-30,6546
B002997,C0760,2024-11-26,4346
B002998,C0761,2024-03-07,1012
B002999,C0761,2024-07-30,18926
B003000,C0761,2025-04-17,15046
B003001,C0761,2024-09-07,19767
B003002,C0762,2024-09-04,5795
B003003,C0762,2025-04-17,16391
B003004,C0762,2025-10-18,3642
B003005,C0762,2025-09-10,10854
B003006,C0762,2024-06-12,8023
B003007,C0763,2024-03-12,225
B003008,C0763,2024-02-03,13315
B003009,C0763,2025-06-16,15407
B003010,C0763,2025-01-29,2305
B003011,C0763,2025-03-03,8520
B003012,C0764,2024-05-03,19889
B003013,C0764,2025-10-24,17503
B003014,C0764,2024-01-25,14369
B003015,C0764,2025-05-07,1959
B003016,C0764,2024-10-26,13054
B003017,C0764,2024-02-10,11907
B003018,C0765,2025-06-07,14419
B003019,C0765,2025-03-14,4065
B003020,C0765,2024-04-16,4783
B003021,C0765,2024-09-25,18999
B003022,C0765,2024-04-24,5536
B003023,C0766,2025-02-26,11135
B003024,C0766,2024-05-25,7964
B003025,C0766,2025-05-09,6884
B003026,C0766,2024-09-27,3182
B003027,C0767,2025-10-19,2427
B003028,C0767,2025-04-14,16107
B003029,C0767,2024-09-07,8519
B003030,C0767,2024-12-16,9676
B003031,C0768,2024-12-04,14757
B003032,C0768,2025-12-17,8451
B003033,C0768,2025-08-04,9020
B003034,C0768,2025-08-31,1171
B003035,C0768,2024-05-23,4850
B003036,C0769,2024-10-22,850
B003037,C0769,2024-08-14,12152
B003038,C0769,2025-07-31,11885
B003039,C0769,2025-12-31,9542
B003040,C0769,2024-11-10,5187
B003041,C0769,2025-08-04,9985
B003042,C0770,2025-12-31,14413
B003043,C0770,2025-11-20,9662
B003044,C0770,2024-06-07,4212
B003045,C0770,2024-05-30,19904
B003046,C0770,2024-10-26,12590
B003047,C0771,2025-10-14,7468
B003048,C0771,2024-01-29,6935
B003049,C0771,2025-08-20,9927
B003050,C0771,2024-05-31,19144
B003051,C0772,2024-09-22,11932
B003052,C0772,2025-06-04,16935
B003053,C0773,2025-05-03,5583
B003054,C0773,2024-12-18,5107
B003055,C0773,2025-08-24,16419
B003056,C0773,2024-11-17,17148
B003057,C0773,2025-01-18,12385
B003058,C0774,2025-10-25,5541
B003059,C0774,2025-06-21,15795
B003060,C0774,2024-06-28,15859
B003061,C0774,2025-01-23,466
B003062,C0774,2025-11-15,2121
B003063,C0775,2024-08-18,10135
B003064,C0775,2024-07-30,7350
B003065,C0775,2024-06-02,9119
B003066,C0775,2025-09-15,3918
B003067,C0776,2024-12-31,16344
B003068,C0776,2025-04-15,18658
B003069,C0776,2025-10-15,399
B003070,C0777,2024-08-21,6636
B003071,C0777,2025-01-07,1076
B003072,C0777,2025-02-12,3238
B003073,C0777,2024-12-03,16627
B003074,C0777,2024-03-09,8895
B003075,C0777,2025-07-20,17522
B003076,C0778,2024-03-22,1834
B003077,C0778,2025-04-02,18569
B003078,C0778,2025-06-19,8125
B003079,C0778,2024-09-07,8390
B003080,C0778,2024-07-06,8031
B003081,C0778,2024-08-21,14944
B003082,C0779,2024-02-11,19960
B003083,C0779,2024-09-29,18087
B003084,C0779,2024-10-11,2993
B003085,C0780,2024-03-06,4343
B003086,C0780,2025-06-19,9920
B003087,C0780,2024-03-03,6806
B003088,C0781,2024-09-06,19191
B003089,C0781,2025-08-18,15639
B003090,C0781,2025-04-20,3220
B003091,C0782,2024-02-22,10448
B003092,C0782,2025-10-11,2393
B003093,C0782,2024-07-20,15672
B003094,C0782,2024-04-29,14480
B003095,C0782,2024-03-26,15598
B003096,C0782,2024-07-21,3272
B003097,C0783,2025-08-26,7044
B003098,C0783,2025-09-04,15965
B003099,C0783,2024-11-03,18655
B003100,C0783,2024-01-10,19061
B003101,C0783,2025-03-16,3654
B003102,C0783,2025-03-29,6383
B003103,C0784,2025-10-12,14950
B003104,C0784,2024-01-01,8249
B003105,C0784,2025-02-20,19705
B003106,C0784,2024-10-04,16141
B003107,C0784,2025-10-08,5784
B003108,C0784,2024-12-02,16622
B003109,C0785,2025-06-10,9298
B003110,C0785,2025-10-22,9818
B003111,C0785,2024-09-27,17438
B003112,C0785,2024-09-11,11178
B003113,C0785,2024-10-08,18391
B003114,C0786,2024-11-12,14419
B003115,C0786,2024-04-24,5969
B003116,C0786,2025-05-14,213
B003117,C0786,2024-11-22,16696
B003118,C0786,2025-04-26,16245
B003119,C0786,2024-06-16,5858
B003120,C0787,2025-03-18,9982
B003121,C0787,2024-04-06,14522
B003122,C0788,2025-10-15,17648
B003123,C0788,2024-07-06,6343
B003124,C0788,2024-04-21,7595
B003125,C0788,2024-08-06,10066
B003126,C0789,2024-11-08,10486
B003127,C0789,2025-06-27,15462
B003128,C0789,2024-04-15,9832
B003129,C0789,2025-09-16,6890
B003130,C0789,2025-08-07,5065
B003131,C0789,2024-11-27,5124
B003132,C0790,2025-02-09,5628
B003133,C0790,2024-06-10,19992
B003134,C0790,2025-11-09,5148
B003135,C0791,2025-06-12,15524
B003136,C0791,2025-10-31,19504
B003137,C0791,2025-03-02,8827
B003138,C0791,2024-08-22,8613
B003139,C0792,2024-11-06,12150
B003140,C0792,2024-05-28,10034
B003141,C0792,2024-12-07,11597
B003142,C0792,2024-11-18,14736
B003143,C0792,2024-11-11,13936
B003144,C0793,2025-02-06,13668
B003145,C0793,2024-01-06,13240
B003146,C0793,2024-02-26,13395
B003147,C0793,2024-12-28,4585
B003148,C0793,2025-04-12,8985
B003149,C0793,2024-01-20,6626
B003150,C0794,2025-11-08,8386
B003151,C0794,2024-10-28,12238
B003152,C0794,2024-01-25,10546
B003153,C0795,2025-01-26,10672
B003154,C0795,2025-07-25,18349
B003155,C0795,2024-07-23,7044
B003156,C0795,2025-09-24,16480
B003157,C0795,2025-03-26,8977
B003158,C0796,2024-03-17,7967
B003159,C0796,2024-06-13,10665
B003160,C0797,2025-08-30,15396
B003161,C0797,2024-02-17,12781
B003162,C0797,2025-12-05,15959
B003163,C0797,2024-09-12,9179
B003164,C0797,2025-09-13,19205
B003165,C0798,2024-03-01,3323
B003166,C0798,2024-02-27,11229
B003167,C0798,2024-10-09,17625
B003168,C0798,2025-01-13,14356
B003169,C0798,2024-10-18,3638
B003170,C0799,2024-05-17,2424
B003171,C0799,2024-11-28,13558
B003172,C0799,2024-06-04,4928
B003173,C0799,2025-08-26,9792
B003174,C0799,2025-08-10,6553
B003175,C0800,2024-03-31,14360
B003176,C0800,2024-09-08,10742
B003177,C0800,2025-08-09,17910
B003178,C0800,2025-11-07,8543
B003179,C0800,2025-07-24,17400
B003180,C0800,2024-10-25,716
B003181,C0801,2024-03-10,10287
B003182,C0801,2025-01-04,14609
B003183,C0801,2024-08-07,6033
B003184,C0802,2025-04-24,7460
B003185,C0802,2025-04-16,11868
B003186,C0802,2024-12-07,6520
B003187,C0802,2025-11-24,8487
B003188,C0803,2025-09-10,758
B003189,C0803,2024-05-23,3905
B003190,C0803,2025-10-19,13460
B003191,C0803,2025-03-13,12986
B003192,C0804,2024-02-19,17314
B003193,C0804,2024-03-02,16785
B003194,C0804,2025-01-17,530
B003195,C0804,2025-08-02,14326
B003196,C0804,2024-02-02,16522
B003197,C0805,2025-07-05,16122
B003198,C0805,2024-10-16,18835
B003199,C0805,2024-12-07,2199
B003200,C0805,2024-03-18,18523
B003201,C0806,2025-07-25,3680
B003202,C0806,2025-06-28,5184
B003203,C0807,2024-03-30,18806
B003204,C0807,2025-04-24,19989
B003205,C0807,2025-10-27,6255
B003206,C0807,2024-03-15,14121
B003207,C0807,2024-10-10,15260
B003208,C0807,2025-04-07,4987
B003209,C0808,2024-03-15,5953
B003210,C0808,2025-10-25,18848
B003211,C0808,2024-12-13,14878
B003212,C0808,2025-06-24,14168
B003213,C0809,2025-02-15,18833
B003214,C0809,2024-10-27,208
B003215,C0810,2025-02-03,618
B003216,C0810,2024-01-09,7380
B003217,C0810,2024-11-26,13996
B003218,C0810,2024-06-03,8482
B003219,C0810,2024-08-16,19148
B003220,C0810,2025-11-21,10702
B003221,C0811,2025-04-13,6564
B003222,C0811,2025-08-11,11621
B003223,C0811,2025-08-13,5000
B003224,C0811,2024-07-12,4858
B003225,C0811,2024-07-30,10108
B003226,C0811,2024-07-04,3306
B003227,C0812,2025-06-30,19723
B003228,C0812,2024-02-10,4172
B003229,C0813,2024-12-22,2269
B003230,C0813,2024-12-01,10332
B003231,C0813,2024-08-23,6842
B003232,C0813,2024-07-25,9926
B003233,C0813,2024-06-16,13902
B003234,C0813,2024-10-04,7634
B003235,C0814,2024-12-29,894
B003236,C0814,2024-05-20,14406
B003237,C0814,2024-05-06,12291
B003238,C0815,2025-03-30,6834
B003239,C0815,2025-01-24,1612
B003240,C0816,2025-03-25,13080
B003241,C0816,2024-07-22,6738
B003242,C0816,2025-01-24,19340
B003243,C0816,2024-05-07,3042
B003244,C0816,2024-06-28,16603
B003245,C0817,2025-06-12,3987
B003246,C0817,2024-06-15,6869
B003247,C0817,2024-05-03,16027
B003248,C0817,2025-09-11,11743
B003249,C0817,2024-11-20,13602
B003250,C0817,2024-07-14,6892
B003251,C0818,2025-06-03,11791
B003252,C0818,2025-05-04,8365
B003253,C0819,2024-04-24,14973
B003254,C0819,2024-01-17,237
B003255,C0819,2025-01-24,13763
B003256,C0819,2025-02-13,3278
B003257,C0819,2024-12-29,11809
B003258,C0819,2024-11-13,2139
B003259,C0820,2025-10-29,9853
B003260,C0820,2024-08-22,2767
B003261,C0820,2025-10-28,12769
B003262,C0820,2025-04-27,519
B003263,C0820,2024-10-08,10592
B003264,C0821,2024-05-24,8159
B003265,C0821,2024-06-30,18500
B003266,C0822,2024-05-11,16994
B003267,C0822,2024-06-08,4594
B003268,C0823,2024-02-09,2004
B003269,C0823,2025-09-02,6875
B003270,C0823,2025-11-07,9603
B003271,C0823,2025-01-15,13594
B003272,C0823,2024-06-10,13737
B003273,C0824,2024-06-27,16993
B003274,C0824,2024-06-04,5951
B003275,C0824,2025-01-08,3584
B003276,C0825,2024-01-31,16303
B003277,C0825,2024-07-27,10029
B003278,C0825,2025-02-17,12228
B003279,C0826,2025-09-28,10520
B003280,C0826,2024-01-30,846
B003281,C0826,2024-12-05,933
B003282,C0826,2025-04-26,1121
B003283,C0827,2025-02-21,1523
B003284,C0827,2025-07-06,12354
B003285,C0827,2025-09-04,17209
B003286,C0828,2024-06-10,3280
B003287,C0828,2024-01-16,11425
B003288,C0828,2024-08-16,3018
B003289,C0829,2024-03-08,3683
B003290,C0829,2025-05-02,15218
B003291,C0829,2025-03-01,17587
B003292,C0829,2025-03-26,4404
B003293,C0829,2025-09-09,23
B003294,C0830,2025-05-02,15384
B003295,C0830,2024-09-20,4200
B003296,C0830,2024-11-26,17694
B003297,C0830,2025-01-09,3158
B003298,C0831,2025-05-19,18718
B003299,C0831,2024-07-19,4123
B003300,C0831,2024-08-12,16866
B003301,C0831,2024-05-12,4672
B003302,C0831,2024-08-18,2693
B003303,C0832,2025-02-17,9250
B003304,C0832,2025-09-21,3448
B003305,C0833,2024-08-19,8213
B003306,C0833,2024-07-08,9866
B003307,C0833,2024-12-02,15143
B003308,C0834,2025-06-16,16937
B003309,C0834,2025-08-14,8740
B003310,C0834,2024-05-14,10746
B003311,C0834,2025-03-08,12280
B003312,C0834,2025-11-08,4758
B003313,C0834,2025-08-16,1121
B003314,C0835,2025-10-09,1573
B003315,C0835,2024-07-21,5969
B003316,C0835,2024-01-15,4684
B003317,C0835,2025-10-11,1117
B003318,C0835,2024-08-31,5304
B003319,C0836,2024-11-26,383
B003320,C0836,2025-08-08,15754
B003321,C0836,2025-05-10,11268
B003322,C0836,2024-07-11,18913
B003323,C0836,2025-02-19,14814
B003324,C0837,2025-04-09,8611
B003325,C0837,2025-07-12,14413
B003326,C0837,2024-04-30,9152
B003327,C0838,2024-12-11,11051
B003328,C0838,2024-07-09,8365
B003329,C0838,2024-12-15,15969
B003330,C0838,2025-07-16,14952
B003331,C0838,2025-11-10,3162
B003332,C0838,2025-11-15,11218
B003333,C0839,2024-09-26,2068
B003334,C0839,2025-01-09,13976
B003335,C0839,2025-10-19,832
B003336,C0839,2025-07-10,4136
B003337,C0839,2024-04-06,7442
B003338,C0839,2025-04-13,3641
B003339,C0840,2025-07-17,9689
B003340,C0840,2024-05-09,11390
B003341,C0841,2025-04-08,14292
B003342,C0841,2025-07-20,2718
B003343,C0841,2025-05-31,5983
B003344,C0841,2025-02-11,16741
B003345,C0842,2024-05-25,7269
B003346,C0842,2024-01-18,6510
B003347,C0842,2024-12-28,17222
B003348,C0843,2024-06-04,18444
B003349,C0843,2025-06-27,17204
B003350,C0843,2024-02-18,17470
B003351,C0843,2025-01-06,17676
B003352,C0843,2024-08-23,17395
B003353,C0843,2024-06-19,12270
B003354,C0844,2024-04-12,5427
B003355,C0844,2025-10-12,7414
B003356,C0844,2024-06-04,17721
B003357,C0845,2025-03-10,6625
B003358,C0845,2024-10-12,1602
B003359,C0845,2025-02-14,9715
B003360,C0845,2025-02-03,17096
B003361,C0845,2025-03-07,15615
B003362,C0845,2025-04-24,10548
B003363,C0846,2024-11-03,11
B003364,C0846,2024-03-17,8235
B003365,C0846,2025-12-26,18211
B003366,C0847,2024-08-01,19463
B003367,C0847,2024-03-09,1940
B003368,C0847,2025-02-24,4597
B003369,C0847,2024-05-27,15759
B003370,C0848,2024-09-05,12820
B003371,C0848,2024-06-12,13730
B003372,C0848,2025-02-04,19379
B003373,C0849,2024-09-11,11482
B003374,C0849,2024-03-13,7415
B003375,C0849,2024-10-09,4601
B003376,C0850,2024-05-06,19199
B003377,C0850,2025-11-19,4975
B003378,C0850,2024-07-29,14528
B003379,C0850,2024-05-25,9026
B003380,C0850,2024-12-01,352
B003381,C0851,2025-06-17,10196
B003382,C0851,2025-06-20,3362
B003383,C0852,2025-04-27,7608
B003384,C0852,2025-11-07,14361
B003385,C0852,2024-11-01,4091
B003386,C0852,2025-07-08,19989
B003387,C0852,2025-04-10,5035
B003388,C0852,2024-03-13,11186
B003389,C0853,2024-02-11,12501
B003390,C0853,2024-09-18,3697
B003391,C0853,2025-10-03,15287
B003392,C0853,2025-03-12,19168
B003393,C0854,2025-12-27,15967
B003394,C0854,2024-10-25,7360
B003395,C0854,2025-06-19,3376
B003396,C0855,2025-09-09,19629
B003397,C0855,2025-01-06,7906
B003398,C0856,2025-12-19,14171
B003399,C0856,2025-03-07,1856
B003400,C0856,2025-10-15,3446
B003401,C0856,2024-10-13,9039
B003402,C0856,2024-09-14,16640
B003403,C0857,2025-03-05,8232
B003404,C0857,2024-12-31,2722
B003405,C0857,2024-01-14,3313
B003406,C0857,2025-12-31,15910
B003407,C0858,2025-08-22,16219
B003408,C0858,2024-08-14,19368
B003409,C0858,2025-03-20,8708
B003410,C0859,2025-12-26,15986
B003411,C0859,2025-07-28,19878
B003412,C0860,2025-01-19,19877
B003413,C0860,2025-06-15,12536
B003414,C0860,2024-02-13,19715
B003415,C0860,2024-04-20,19344
B003416,C0860,2025-10-20,3230
B003417,C0860,2025-08-12,3110
B003418,C0861,2024-09-01,11819
B003419,C0861,2025-08-17,19785
B003420,C0862,2025-02-07,1306
B003421,C0862,2024-12-21,14425
B003422,C0862,2025-04-16,18787
B003423,C0862,2025-06-19,1221
B003424,C0862,2025-02-12,14149
B003425,C0863,2024-08-09,18577
B003426,C0863,2024-07-04,791
B003427,C0864,2024-04-11,9577
B003428,C0864,2025-02-26,929
B003429,C0864,2025-04-12,8307
B003430,C0864,2025-01-02,11273
B003431,C0865,2024-09-11,9064
B003432,C0865,2025-04-01,1566
B003433,C0865,2024-11-28,15014
B003434,C0865,2025-12-16,8623
B003435,C0866,2024-08-02,18300
B003436,C0866,2025-07-14,10547
B003437,C0866,2025-02-14,11420
B003438,C0867,2025-05-26,2912
B003439,C0867,2024-12-07,11527
B003440,C0867,2025-09-23,17636
B003441,C0868,2024-11-20,10021
B003442,C0868,2024-04-13,2963
B003443,C0868,2025-10-16,13305
B003444,C0869,2025-09-28,16292
B003445,C0869,2025-10-16,6101
B003446,C0869,2025-01-26,6624
B003447,C0869,2024-09-28,15906
B003448,C0870,2024-12-11,14344
B003449,C0870,2025-01-05,5217
B003450,C0870,2024-06-21,10576
B003451,C0870,2024-01-17,3652
B003452,C0871,2025-08-18,10175
B003453,C0871,2025-06-02,18365
B003454,C0871,2024-10-30,18347
B003455,C0872,2024-07-01,13040
B003456,C0872,2025-09-25,2488
B003457,C0872,2024-07-22,3059
B003458,C0872,2024-04-02,19594
B003459,C0872,2025-11-10,13259
B003460,C0872,2024-09-26,4776
B003461,C0873,2025-06-29,11593
B003462,C0873,2025-02-10,4359
B003463,C0873,2025-01-29,3395
B003464,C0873,2024-10-27,18681
B003465,C0874,2024-11-27,7367
B003466,C0874,2025-03-29,1336
B003467,C0875,2025-07-15,5079
B003468,C0875,2025-11-14,8971
B003469,C0875,2024-01-27,16203
B003470,C0876,2025-12-12,7175
B003471,C0876,2024-09-08,7400
B003472,C0876,2025-03-26,7076
B003473,C0877,2024-01-13,9725
B003474,C0877,2024-09-06,680
B003475,C0877,2025-09-18,15835
B003476,C0878,2025-02-28,18229
B003477,C0878,2025-07-18,18615
B003478,C0878,2024-07-15,13511
B003479,C0878,2024-07-09,16992
B003480,C0878,2025-08-17,13094
B003481,C0879,2025-01-31,8568
B003482,C0879,2025-12-24,11926
B003483,C0879,2024-09-26,14133
B003484,C0879,2025-01-14,11944
B003485,C0879,2024-08-28,10490
B003486,C0879,2025-07-07,11700
B003487,C0880,2025-12-10,4407
B003488,C0880,2024-11-25,8090
B003489,C0881,2025-08-15,4219
B003490,C0881,2024-04-08,16628
B003491,C0881,2025-12-26,15588
B003492,C0881,2025-07-02,10272
B003493,C0881,2024-04-17,19794
B003494,C0881,2024-08-21,11414
B003495,C0882,2024-08-17,15246
B003496,C0882,2024-10-02,18817
B003497,C0882,2024-02-24,15081
B003498,C0882,2025-09-25,14348
B003499,C0882,2025-05-24,19367
B003500,C0882,2025-03-22,2118
B003501,C0883,2024-01-23,18348
B003502,C0883,2025-04-04,18317
B003503,C0883,2025-10-27,1885
B003504,C0884,2025-05-03,4845
B003505,C0884,2024-03-06,11613
B003506,C0884,2024-03-07,9046
B003507,C0884,2025-08-06,8257
B003508,C0885,2025-12-31,19586
B003509,C0885,2025-05-17,14117
B003510,C0886,2025-02-09,7051
B003511,C0886,2025-11-08,14814
B003512,C0886,2024-11-13,17642
B003513,C0887,2024-12-04,7620
B003514,C0887,2025-08-06,16644
B003515,C0887,2025-02-20,4726
B003516,C0887,2025-07-06,19230
B003517,C0888,2024-01-07,19975
B003518,C0888,2024-02-24,11742
B003519,C0888,2025-08-24,3921
B003520,C0888,2024-03-13,2084
B003521,C0889,2025-02-27,5282
B003522,C0889,2024-07-18,8152
B003523,C0889,2025-09-07,5876
B003524,C0889,2024-07-04,966
B003525,C0889,2025-10-26,16219
B003526,C0889,2024-05-02,10872
B003527,C0890,2024-04-06,13223
B003528,C0890,2025-08-10,12695
B003529,C0891,2025-01-25,15545
B003530,C0891,2024-05-21,11249
B003531,C0891,2024-07-06,3141
B003532,C0891,2024-11-14,11637
B003533,C0891,2024-06-30,14102
B003534,C0892,2025-05-26,2973
B003535,C0892,2024-07-07,8536
B003536,C0892,2025-02-15,6573
B003537,C0892,2024-08-20,11508
B003538,C0893,2024-12-13,14802
B003539,C0893,2024-04-06,17166
B003540,C0894,2024-01-21,19862
B003541,C0894,2024-03-03,18255
B003542,C0894,2024-03-01,12227
B003543,C0894,2024-04-07,5521
B003544,C0895,2025-06-25,412
B003545,C0895,2024-01-05,10710
B003546,C0896,2024-11-09,906
B003547,C0896,2025-08-04,18460
B003548,C0896,2025-01-18,2273
B003549,C0896,2024-06-25,6176
B003550,C0896,2025-10-13,16325
B003551,C0897,2025-07-02,7155
B003552,C0897,2024-12-19,3177
B003553,C0897,2025-11-30,5068
B003554,C0898,2025-01-18,18808
B003555,C0898,2024-06-30,14440
B003556,C0898,2025-12-24,5816
B003557,C0898,2025-06-03,4877
B003558,C0898,2025-03-31,994
B003559,C0898,2025-09-29,1270
B003560,C0899,2024-05-03,10212
B003561,C0899,2024-10-25,3531
B003562,C0899,2024-12-23,5911
B003563,C0899,2025-08-27,16989
B003564,C0899,2024-06-20,3267
B003565,C0899,2025-05-24,6329
B003566,C0900,2024-06-07,11055
B003567,C0900,2025-04-10,17956
B003568,C0900,2025-02-02,14677
B003569,C0900,2024-04-29,18168
B003570,C0900,2024-03-08,11086
B003571,C0900,2024-09-09,11983
B003572,C0901,2024-09-02,16081
B003573,C0901,2024-07-11,13247
B003574,C0901,2024-02-12,11741
B003575,C0902,2025-05-06,19370
B003576,C0902,2024-04-11,17034
B003577,C0903,2025-11-10,10503
B003578,C0903,2025-06-23,18448
B003579,C0904,2025-12-20,17430
B003580,C0904,2025-06-18,12916
B003581,C0904,2025-07-13,6584
B003582,C0904,2024-10-16,10496
B003583,C0904,2024-05-18,14676
B003584,C0904,2024-07-21,9599
B003585,C0905,2025-02-17,14258
B003586,C0905,2025-01-21,2699
B003587,C0905,2025-05-17,780
B003588,C0905,2025-05-18,3418
B003589,C0905,2024-11-25,18391
B003590,C0906,2025-09-16,12740
B003591,C0906,2024-11-09,16305
B003592,C0906,2024-10-21,1806
B003593,C0906,2025-06-24,1364
B003594,C0906,2024-07-11,2922
B003595,C0907,2025-08-24,18719
B003596,C0907,2025-07-09,5680
B003597,C0907,2025-10-18,10277
B003598,C0907,2024-02-19,17507
B003599,C0908,2024-02-18,9926
B003600,C0908,2025-01-29,6168
B003601,C0909,2025-07-04,1718
B003602,C0909,2025-12-01,14214
B003603,C0909,2025-06-04,17169
B003604,C0909,2024-07-01,16670
B003605,C0910,2025-11-28,1465
B003606,C0910,2024-08-07,3232
B003607,C0910,2025-04-13,6085
B003608,C0910,2024-08-14,10495
B003609,C0911,2024-07-27,16229
B003610,C0911,2024-07-30,18715
B003611,C0912,2024-01-16,1482
B003612,C0912,2025-01-25,6751
B003613,C0912,2025-12-06,3811
B003614,C0912,2024-10-24,155
B003615,C0912,2024-09-03,10838
B003616,C0912,2024-06-30,12776
B003617,C0913,2025-01-15,13171
B003618,C0913,2024-02-15,5109
B003619,C0913,2024-05-25,19619
B003620,C0914,2025-09-28,8460
B003621,C0914,2025-03-08,18695
B003622,C0914,2025-12-28,10149
B003623,C0915,2025-10-31,8933
B003624,C0915,2025-02-23,335
B003625,C0915,2025-03-01,13554
B003626,C0916,2024-10-11,6209
B003627,C0916,2025-05-14,8304
B003628,C0916,2025-09-06,341
B003629,C0916,2025-10-03,12958
B003630,C0916,2024-02-12,14717
B003631,C0917,2025-11-09,7306
B003632,C0917,2024-03-13,3748
B003633,C0917,2024-04-28,5207
B003634,C0918,2024-03-09,6008
B003635,C0918,2025-07-03,10727
B003636,C0918,2024-06-20,8404
B003637,C0918,2025-11-28,13048
B003638,C0918,2024-10-18,17572
B003639,C0919,2024-10-18,18681
B003640,C0919,2024-09-24,3555
B003641,C0919,2024-05-02,12940
B003642,C0919,2024-07-25,2834
B003643,C0920,2025-05-24,6579
B003644,C0920,2024-05-10,16981
B003645,C0920,2024-02-06,15366
B003646,C0920,2025-05-05,3582
B003647,C0920,2024-04-24,7492
B003648,C0920,2024-02-08,12716
B003649,C0921,2024-03-26,2208
B003650,C0921,2024-09-04,14285
B003651,C0921,2025-09-22,12153
B003652,C0922,2024-05-26,14484
B003653,C0922,2025-09-03,1345
B003654,C0922,2025-11-09,16502
B003655,C0922,2024-07-12,6895
B003656,C0922,2024-11-21,1433
B003657,C0923,2024-01-15,5004
B003658,C0923,2024-12-15,8218
B003659,C0923,2024-06-28,11472
B003660,C0923,2025-04-18,6574
B003661,C0923,2025-10-21,1849
B003662,C0923,2025-02-04,12452
B003663,C0924,2024-10-25,16567
B003664,C0924,2024-03-06,7380
B003665,C0924,2024-07-07,6368
B003666,C0925,2025-11-04,14380
B003667,C0925,2024-01-26,14435
B003668,C0925,2024-03-12,8053
B003669,C0925,2025-09-08,17319
B003670,C0926,2025-07-24,5278
B003671,C0926,2024-05-26,17928
B003672,C0926,2024-11-21,1858
B003673,C0926,2024-04-24,2134
B003674,C0927,2025-06-14,17507
B003675,C0927,2024-01-18,5567
B003676,C0927,2024-11-25,12136
B003677,C0927,2024-02-09,4701
B003678,C0927,2024-04-16,7656
B003679,C0928,2025-01-25,112
B003680,C0928,2025-07-30,1914
B003681,C0929,2025-08-03,3920
B003682,C0929,2024-08-17,1153
B003683,C0929,2025-07-31,17877
B003684,C0929,2024-03-16,648
B003685,C0929,2025-10-26,15611
B003686,C0930,2025-10-22,12650
B003687,C0930,2024-10-16,12673
B003688,C0930,2025-04-05,7787
B003689,C0930,2025-11-30,16074
B003690,C0930,2025-09-19,8193
B003691,C0930,2024-12-19,14908
B003692,C0931,2024-06-05,14883
B003693,C0931,2025-07-03,11800
B003694,C0931,2024-08-17,4731
B003695,C0931,2024-10-20,5713
B003696,C0931,2025-02-01,8428
B003697,C0932,2025-01-11,686
B003698,C0932,2025-03-18,9825
B003699,C0932,2024-05-27,1394
B003700,C0933,2025-02-24,17743
B003701,C0933,2024-08-20,13180
B003702,C0933,2024-05-08,11565
B003703,C0933,2024-08-01,13297
B003704,C0933,2025-03-07,13688
B003705,C0934,2025-04-08,14545
B003706,C0934,2025-02-01,15188
B003707,C0934,2025-01-07,11069
B003708,C0934,2024-11-29,13070
B003709,C0934,2024-05-16,17364
B003710,C0935,2024-09-08,7109
B003711,C0935,2025-12-30,6257
B003712,C0935,2025-08-05,6376
B003713,C0936,2025-01-07,15183
B003714,C0936,2025-07-15,13376
B003715,C0936,2025-01-18,10056
B003716,C0936,2024-08-06,12872
B003717,C0936,2024-05-24,15408
B003718,C0936,2024-04-21,17787
B003719,C0937,2024-11-03,13504
B003720,C0937,2024-02-22,6534
B003721,C0937,2024-08-10,11065
B003722,C0937,2025-07-18,5135
B003723,C0937,2025-11-06,12592
B003724,C0938,2025-03-18,5908
B003725,C0938,2025-03-29,781
B003726,C0938,2025-12-11,6765
B003727,C0938,2025-01-30,18592
B003728,C0938,2025-11-14,5647
B003729,C0938,2024-10-06,18460
B003730,C0939,2025-10-18,13168
B003731,C0939,2025-08-11,6481
B003732,C0939,2024-06-03,13477
B003733,C0940,2025-04-24,8051
B003734,C0940,2024-05-13,15947
B003735,C0940,2024-11-19,20000
B003736,C0940,2025-09-19,17386
B003737,C0941,2025-11-23,3180
B003738,C0941,2024-03-07,2809
B003739,C0942,2024-01-09,1728
B003740,C0942,2024-12-05,2947
B003741,C0943,2024-12-31,6652
B003742,C0943,2024-06-03,6979
B003743,C0943,2024-11-10,2163
B003744,C0943,2025-01-06,10338
B003745,C0944,2025-04-02,15567
B003746,C0944,2024-12-12,5741
B003747,C0944,2024-10-23,9936
B003748,C0944,2024-04-13,18411
B003749,C0944,2024-06-12,4981
B003750,C0944,2024-06-16,13604
B003751,C0945,2025-06-29,13424
B003752,C0945,2024-06-11,18404
B003753,C0946,2025-10-05,15386
B003754,C0946,2025-12-17,9215
B003755,C0946,2025-12-07,8172
B003756,C0946,2024-04-26,4805
B003757,C0946,2025-03-31,3180
B003758,C0946,2024-02-10,4443
B003759,C0947,2025-04-29,12431
B003760,C0947,2025-05-03,5585
B003761,C0947,2024-01-21,19207
B003762,C0947,2025-12-05,11874
B003763,C0947,2025-03-27,19165
B003764,C0948,2024-07-05,14658
B003765,C0948,2024-01-21,16114
B003766,C0948,2025-11-18,18572
B003767,C0948,2024-12-18,11133
B003768,C0948,2024-03-28,12123
B003769,C0948,2024-03-11,5807
B003770,C0949,2025-10-01,9833
B003771,C0949,2025-11-24,12898
B003772,C0949,2024-06-02,3636
B003773,C0950,2025-10-11,10508
B003774,C0950,2024-10-26,2722
B003775,C0950,2024-12-29,19752
B003776,C0951,2024-01-17,19343
B003777,C0951,2025-03-03,5539
B003778,C0951,2025-01-08,8280
B003779,C0951,2024-07-15,16823
B003780,C0951,2024-10-13,17053
B003781,C0952,2025-05-16,10438
B003782,C0952,2024-06-19,1704
B003783,C0953,2025-12-18,10047
B003784,C0953,2024-09-26,14710
B003785,C0953,2025-03-19,11059
B003786,C0954,2024-10-06,15010
B003787,C0954,2025-11-06,2629
B003788,C0955,2025-07-18,1028
B003789,C0955,2024-05-13,349
B003790,C0955,2025-08-10,629
B003791,C0955,2024-11-05,12473
B003792,C0956,2025-04-26,12452
B003793,C0956,2025-02-01,1179
B003794,C0956,2025-12-12,8856
B003795,C0957,2024-12-09,12019
B003796,C0957,2025-06-08,13910
B003797,C0957,2025-02-20,11210
B003798,C0957,2024-05-15,11345
B003799,C0957,2024-09-24,18100
B003800,C0958,2025-05-15,9228
B003801,C0958,2024-09-30,2729
B003802,C0958,2025-04-05,2778
B003803,C0959,2025-06-05,3719
B003804,C0959,2024-01-24,4211
B003805,C0959,2024-04-19,7961
B003806,C0959,2024-03-17,5803
B003807,C0960,2024-03-07,5046
B003808,C0960,2025-08-08,7764
B003809,C0960,2024-03-30,2471
B003810,C0960,2024-01-10,440
B003811,C0961,2025-09-24,2306
B003812,C0961,2024-06-08,19095
B003813,C0961,2025-10-03,15098
B003814,C0961,2025-10-08,10842
B003815,C0962,2025-09-19,3996
B003816,C0962,2024-02-27,4545
B003817,C0963,2024-03-24,6080
B003818,C0963,2024-04-03,3001
B003819,C0963,2024-01-04,14187
B003820,C0964,2024-08-03,1638
B003821,C0964,2024-03-22,12677
B003822,C0964,2024-11-24,17345
B003823,C0965,2025-05-02,6465
B003824,C0965,2025-12-26,16230
B003825,C0965,2025-09-11,6096
B003826,C0966,2024-10-21,19392
B003827,C0966,2024-03-03,14500
B003828,C0966,2024-07-08,16632
B003829,C0966,2024-01-07,2606
B003830,C0966,2024-06-29,6478
B003831,C0967,2024-05-27,17760
B003832,C0967,2025-08-12,6204
B003833,C0967,2025-12-17,4063
B003834,C0967,2025-12-20,2483
B003835,C0968,2024-07-10,10531
B003836,C0968,2024-08-21,5322
B003837,C0968,2025-02-08,19408
B003838,C0969,2025-09-07,13509
B003839,C0969,2025-06-02,9352
B003840,C0969,2024-08-11,13976
B003841,C0969,2024-09-13,11297
B003842,C0970,2025-06-27,228
B003843,C0970,2025-11-01,8246
B003844,C0970,2024-10-15,5284
B003845,C0971,2024-03-04,2057
B003846,C0971,2025-05-20,11279
B003847,C0972,2025-09-26,14093
B003848,C0972,2024-03-22,14612
B003849,C0973,2025-11-21,2891
B003850,C0973,2024-11-22,19272
B003851,C0974,2025-12-15,19841
B003852,C0974,2025-11-25,2158
B003853,C0974,2025-08-05,8599
B003854,C0974,2024-11-22,14771
B003855,C0975,2025-05-06,12138
B003856,C0975,2025-05-26,9838
B003857,C0975,2025-05-15,10271
B003858,C0975,2025-07-13,6235
B003859,C0976,2025-08-24,5588
B003860,C0976,2024-02-13,11563
B003861,C0976,2025-02-23,15235
B003862,C0977,2024-11-28,13213
B003863,C0977,2025-04-19,15217
B003864,C0977,2025-04-08,5003
B003865,C0977,2024-05-25,12634
B003866,C0977,2025-03-05,802
B003867,C0978,2024-11-20,12499
B003868,C0978,2025-10-09,4895
B003869,C0978,2025-02-13,11983
B003870,C0979,2025-03-20,5661
B003871,C0979,2024-06-03,19429
B003872,C0980,2024-08-10,3107
B003873,C0980,2024-01-17,12821
B003874,C0980,2025-04-28,4911
B003875,C0981,2024-12-11,6480
B003876,C0981,2024-01-23,16296
B003877,C0981,2025-02-05,5187
B003878,C0981,2024-11-06,18000
B003879,C0982,2024-08-21,6224
B003880,C0982,2025-05-13,19884
B003881,C0982,2025-05-26,14183
B003882,C0982,2025-03-21,5237
B003883,C0983,2025-11-12,1958
B003884,C0983,2024-12-27,3473
B003885,C0983,2024-03-09,10593
B003886,C0983,2025-12-23,15620
B003887,C0983,2025-09-14,9480
B003888,C0984,2024-08-28,16998
B003889,C0984,2025-05-21,7091
B003890,C0984,2025-03-02,16072
B003891,C0985,2024-11-11,5197
B003892,C0985,2024-12-12,10178
B003893,C0986,2025-03-15,3992
B003894,C0986,2025-09-05,4241
B003895,C0986,2025-06-26,9237
B003896,C0986,2024-12-15,12234
B003897,C0986,2025-12-06,4198
B003898,C0986,2025-01-13,18524
B003899,C0987,2024-03-05,580
B003900,C0987,2025-04-02,12124
B003901,C0987,2025-03-03,8064
B003902,C0987,2024-08-02,10688
B003903,C0987,2025-12-05,7649
B003904,C0988,2025-10-11,15603
B003905,C0988,2024-10-14,18186
B003906,C0988,2024-12-14,18914
B003907,C0988,2024-12-05,6369
B003908,C0989,2024-11-25,18752
B003909,C0989,2024-08-22,19426
B003910,C0989,2025-09-16,7766
B003911,C0990,2025-05-15,18458
B003912,C0990,2025-04-26,635
B003913,C0990,2024-11-16,16743
B003914,C0991,2025-01-28,4861
B003915,C0991,2025-09-30,10539
B003916,C0992,2025-06-25,16087
B003917,C0992,2025-04-18,19745
B003918,C0993,2024-03-09,14728
B003919,C0993,2025-02-02,6330
B003920,C0993,2024-10-09,4688
B003921,C0993,2025-01-07,1934
B003922,C0994,2024-09-09,7318
B003923,C0994,2025-10-10,100
B003924,C0994,2024-12-01,11670
B003925,C0994,2025-09-27,15812
B003926,C0994,2025-07-29,4788
B003927,C0995,2024-11-23,15882
B003928,C0995,2024-11-17,19817
B003929,C0995,2025-07-03,6555
B003930,C0995,2025-10-23,6166
B003931,C0996,2025-09-11,3944
B003932,C0996,2024-10-29,1984
B003933,C0996,2024-07-18,17154
B003934,C0996,2025-05-31,9255
B003935,C0996,2024-09-11,12321
B003936,C0996,2025-03-09,357
B003937,C0997,2024-09-24,6692
B003938,C0997,2024-05-27,9702
B003939,C0997,2024-01-26,944
B003940,C0997,2025-10-29,13809
B003941,C0998,2025-01-12,15235
B003942,C0998,2024-05-31,14636
B003943,C0999,2025-07-22,5143
B003944,C0999,2025-08-31,14553
B003945,C0999,2024-11-17,3530
B003946,C0999,2024-10-07,14940
B003947,C0999,2024-10-09,6480
B003948,C1000,2025-04-09,9331
B003949,C1000,2024-06-15,19217
B003950,C1000,2024-05-11,10577
B003951,C1000,2024-01-18,4060
B003952,C1000,2024-02-23,10699
B003953,C1000,2025-07-19,15633
